{
  "href": "https://api.spotify.com/v1/playlists/1s7fYw8sJSZagdHpKfxcE4/tracks?offset=0&limit=100",
  "items": [
    {
      "added_at": "2020-06-11T11:54:04Z",
      "added_by": {
        "external_urls": {
          "spotify": "https://open.spotify.com/user/sxpicmeg7a1v2g6pe4gef0xhe"
        },
        "href": "https://api.spotify.com/v1/users/sxpicmeg7a1v2g6pe4gef0xhe",
        "id": "sxpicmeg7a1v2g6pe4gef0xhe",
        "type": "user",
        "uri": "spotify:user:sxpicmeg7a1v2g6pe4gef0xhe"
      },
      "is_local": false,
      "primary_color": null,
      "track": {
        "album": {
          "album_type": "album",
          "artists": [
            {
              "external_urls": {
                "spotify": "https://open.spotify.com/artist/1J2VVASYAamtQ3Bt8wGgA6"
              },
              "href": "https://api.spotify.com/v1/artists/1J2VVASYAamtQ3Bt8wGgA6",
              "id": "1J2VVASYAamtQ3Bt8wGgA6",
              "name": "Ja Rule",
              "type": "artist",
              "uri": "spotify:artist:1J2VVASYAamtQ3Bt8wGgA6"
            }
          ],
          "available_markets": [
            "AD",
            "AR",
            "AT",
            "AU",
            "BE",
            "BG",
            "BO",
            "BR",
            "CA",
            "CH",
            "CL",
            "CO",
            "CR",
            "CY",
            "CZ",
            "DE",
            "DK",
            "DO",
            "EC",
            "EE",
            "ES",
            "FI",
            "FR",
            "GB",
            "GR",
            "GT",
            "HK",
            "HN",
            "HU",
            "ID",
            "IE",
            "IL",
            "IN",
            "IS",
            "IT",
            "JP",
            "LI",
            "LT",
            "LU",
            "LV",
            "MC",
            "MX",
            "MY",
            "NI",
            "NL",
            "NO",
            "NZ",
            "PA",
            "PE",
            "PH",
            "PL",
            "PT",
            "PY",
            "RO",
            "SE",
            "SG",
            "SK",
            "SV",
            "TH",
            "TR",
            "TW",
            "US",
            "VN",
            "ZA"
          ],
          "external_urls": {
            "spotify": "https://open.spotify.com/album/07xrKznMcWdXvsGLK3UFIJ"
          },
          "href": "https://api.spotify.com/v1/albums/07xrKznMcWdXvsGLK3UFIJ",
          "id": "07xrKznMcWdXvsGLK3UFIJ",
          "images": [
            {
              "height": 640,
              "url": "https://i.scdn.co/image/ab67616d0000b2739494fd00546dc8622d962a73",
              "width": 640
            },
            {
              "height": 300,
              "url": "https://i.scdn.co/image/ab67616d00001e029494fd00546dc8622d962a73",
              "width": 300
            },
            {
              "height": 64,
              "url": "https://i.scdn.co/image/ab67616d000048519494fd00546dc8622d962a73",
              "width": 64
            }
          ],
          "name": "Venni Vetti Vecci",
          "release_date": "1999-01-01",
          "release_date_precision": "day",
          "total_tracks": 20,
          "type": "album",
          "uri": "spotify:album:07xrKznMcWdXvsGLK3UFIJ"
        },
        "artists": [
          {
            "external_urls": {
              "spotify": "https://open.spotify.com/artist/1J2VVASYAamtQ3Bt8wGgA6"
            },
            "href": "https://api.spotify.com/v1/artists/1J2VVASYAamtQ3Bt8wGgA6",
            "id": "1J2VVASYAamtQ3Bt8wGgA6",
            "name": "Ja Rule",
            "type": "artist",
            "uri": "spotify:artist:1J2VVASYAamtQ3Bt8wGgA6"
          },
          {
            "external_urls": {
              "spotify": "https://open.spotify.com/artist/6W9RUw7xnNRYtgh8dimg7L"
            },
            "href": "https://api.spotify.com/v1/artists/6W9RUw7xnNRYtgh8dimg7L",
            "id": "6W9RUw7xnNRYtgh8dimg7L",
            "name": "Ronald Isley",
            "type": "artist",
            "uri": "spotify:artist:6W9RUw7xnNRYtgh8dimg7L"
          }
        ],
        "available_markets": [
          "AD",
          "AR",
          "AT",
          "AU",
          "BE",
          "BG",
          "BO",
          "BR",
          "CH",
          "CL",
          "CO",
          "CR",
          "CY",
          "CZ",
          "DE",
          "DK",
          "DO",
          "EC",
          "EE",
          "ES",
          "FI",
          "FR",
          "GB",
          "GR",
          "GT",
          "HK",
          "HN",
          "HU",
          "ID",
          "IE",
          "IL",
          "IN",
          "IS",
          "IT",
          "JP",
          "LI",
          "LT",
          "LU",
          "LV",
          "MC",
          "MX",
          "MY",
          "NI",
          "NL",
          "NO",
          "NZ",
          "PA",
          "PE",
          "PH",
          "PL",
          "PT",
          "PY",
          "RO",
          "SE",
          "SG",
          "SK",
          "SV",
          "TH",
          "TR",
          "TW",
          "US",
          "VN",
          "ZA"
        ],
        "disc_number": 1,
        "duration_ms": 320600,
        "episode": false,
        "explicit": true,
        "external_ids": {
          "isrc": "USRL19900067"
        },
        "external_urls": {
          "spotify": "https://open.spotify.com/track/1G3WmVrG9WhjpUsXS1Vh6b"
        },
        "href": "https://api.spotify.com/v1/tracks/1G3WmVrG9WhjpUsXS1Vh6b",
        "id": "1G3WmVrG9WhjpUsXS1Vh6b",
        "is_local": false,
        "name": "Daddy's Little Baby",
        "popularity": 23,
        "preview_url": null,
        "track": true,
        "track_number": 17,
        "type": "track",
        "uri": "spotify:track:1G3WmVrG9WhjpUsXS1Vh6b"
      },
      "video_thumbnail": {
        "url": null
      }
    },
    {
      "added_at": "2020-06-11T12:02:16Z",
      "added_by": {
        "external_urls": {
          "spotify": "https://open.spotify.com/user/sxpicmeg7a1v2g6pe4gef0xhe"
        },
        "href": "https://api.spotify.com/v1/users/sxpicmeg7a1v2g6pe4gef0xhe",
        "id": "sxpicmeg7a1v2g6pe4gef0xhe",
        "type": "user",
        "uri": "spotify:user:sxpicmeg7a1v2g6pe4gef0xhe"
      },
      "is_local": false,
      "primary_color": null,
      "track": {
        "album": {
          "album_type": "album",
          "artists": [
            {
              "external_urls": {
                "spotify": "https://open.spotify.com/artist/1J2VVASYAamtQ3Bt8wGgA6"
              },
              "href": "https://api.spotify.com/v1/artists/1J2VVASYAamtQ3Bt8wGgA6",
              "id": "1J2VVASYAamtQ3Bt8wGgA6",
              "name": "Ja Rule",
              "type": "artist",
              "uri": "spotify:artist:1J2VVASYAamtQ3Bt8wGgA6"
            }
          ],
          "available_markets": [
            "AD",
            "AR",
            "AT",
            "AU",
            "BE",
            "BG",
            "BO",
            "BR",
            "CA",
            "CH",
            "CL",
            "CO",
            "CR",
            "CY",
            "CZ",
            "DE",
            "DK",
            "DO",
            "EC",
            "EE",
            "ES",
            "FI",
            "FR",
            "GB",
            "GR",
            "GT",
            "HK",
            "HN",
            "HU",
            "ID",
            "IE",
            "IL",
            "IN",
            "IS",
            "IT",
            "JP",
            "LI",
            "LT",
            "LV",
            "MC",
            "MT",
            "MX",
            "MY",
            "NI",
            "NL",
            "NO",
            "NZ",
            "PA",
            "PE",
            "PH",
            "PL",
            "PT",
            "PY",
            "RO",
            "SE",
            "SG",
            "SK",
            "SV",
            "TH",
            "TR",
            "TW",
            "US",
            "VN",
            "ZA"
          ],
          "external_urls": {
            "spotify": "https://open.spotify.com/album/2PIXzzS8WEzv8Ws92qspEH"
          },
          "href": "https://api.spotify.com/v1/albums/2PIXzzS8WEzv8Ws92qspEH",
          "id": "2PIXzzS8WEzv8Ws92qspEH",
          "images": [
            {
              "height": 640,
              "url": "https://i.scdn.co/image/ab67616d0000b27332f842df5bf97184ea909ab2",
              "width": 640
            },
            {
              "height": 300,
              "url": "https://i.scdn.co/image/ab67616d00001e0232f842df5bf97184ea909ab2",
              "width": 300
            },
            {
              "height": 64,
              "url": "https://i.scdn.co/image/ab67616d0000485132f842df5bf97184ea909ab2",
              "width": 64
            }
          ],
          "name": "Rule 3:36",
          "release_date": "2000-01-01",
          "release_date_precision": "day",
          "total_tracks": 16,
          "type": "album",
          "uri": "spotify:album:2PIXzzS8WEzv8Ws92qspEH"
        },
        "artists": [
          {
            "external_urls": {
              "spotify": "https://open.spotify.com/artist/1J2VVASYAamtQ3Bt8wGgA6"
            },
            "href": "https://api.spotify.com/v1/artists/1J2VVASYAamtQ3Bt8wGgA6",
            "id": "1J2VVASYAamtQ3Bt8wGgA6",
            "name": "Ja Rule",
            "type": "artist",
            "uri": "spotify:artist:1J2VVASYAamtQ3Bt8wGgA6"
          },
          {
            "external_urls": {
              "spotify": "https://open.spotify.com/artist/3ot6fEzKvRrCnWy5BWlnxU"
            },
            "href": "https://api.spotify.com/v1/artists/3ot6fEzKvRrCnWy5BWlnxU",
            "id": "3ot6fEzKvRrCnWy5BWlnxU",
            "name": "Vita",
            "type": "artist",
            "uri": "spotify:artist:3ot6fEzKvRrCnWy5BWlnxU"
          }
        ],
        "available_markets": [
          "AD",
          "AR",
          "AT",
          "AU",
          "BE",
          "BG",
          "BO",
          "BR",
          "CA",
          "CH",
          "CL",
          "CO",
          "CR",
          "CY",
          "CZ",
          "DE",
          "DK",
          "DO",
          "EC",
          "EE",
          "ES",
          "FI",
          "FR",
          "GB",
          "GR",
          "GT",
          "HK",
          "HN",
          "HU",
          "ID",
          "IE",
          "IL",
          "IN",
          "IS",
          "IT",
          "JP",
          "LI",
          "LT",
          "LV",
          "MC",
          "MT",
          "MX",
          "MY",
          "NI",
          "NL",
          "NO",
          "NZ",
          "PA",
          "PE",
          "PH",
          "PL",
          "PT",
          "PY",
          "RO",
          "SE",
          "SG",
          "SK",
          "SV",
          "TH",
          "TR",
          "TW",
          "US",
          "VN",
          "ZA"
        ],
        "disc_number": 1,
        "duration_ms": 262826,
        "episode": false,
        "explicit": true,
        "external_ids": {
          "isrc": "USDJ20010441"
        },
        "external_urls": {
          "spotify": "https://open.spotify.com/track/0OvwzS8FX73Bw7ykMRmffU"
        },
        "href": "https://api.spotify.com/v1/tracks/0OvwzS8FX73Bw7ykMRmffU",
        "id": "0OvwzS8FX73Bw7ykMRmffU",
        "is_local": false,
        "name": "Put It On Me",
        "popularity": 64,
        "preview_url": null,
        "track": true,
        "track_number": 4,
        "type": "track",
        "uri": "spotify:track:0OvwzS8FX73Bw7ykMRmffU"
      },
      "video_thumbnail": {
        "url": null
      }
    },
    {
      "added_at": "2020-06-11T12:03:00Z",
      "added_by": {
        "external_urls": {
          "spotify": "https://open.spotify.com/user/sxpicmeg7a1v2g6pe4gef0xhe"
        },
        "href": "https://api.spotify.com/v1/users/sxpicmeg7a1v2g6pe4gef0xhe",
        "id": "sxpicmeg7a1v2g6pe4gef0xhe",
        "type": "user",
        "uri": "spotify:user:sxpicmeg7a1v2g6pe4gef0xhe"
      },
      "is_local": false,
      "primary_color": null,
      "track": {
        "album": {
          "album_type": "album",
          "artists": [
            {
              "external_urls": {
                "spotify": "https://open.spotify.com/artist/1J2VVASYAamtQ3Bt8wGgA6"
              },
              "href": "https://api.spotify.com/v1/artists/1J2VVASYAamtQ3Bt8wGgA6",
              "id": "1J2VVASYAamtQ3Bt8wGgA6",
              "name": "Ja Rule",
              "type": "artist",
              "uri": "spotify:artist:1J2VVASYAamtQ3Bt8wGgA6"
            }
          ],
          "available_markets": [
            "GB",
            "IE"
          ],
          "external_urls": {
            "spotify": "https://open.spotify.com/album/1yjlFN6hFs0uOjFRkjFow0"
          },
          "href": "https://api.spotify.com/v1/albums/1yjlFN6hFs0uOjFRkjFow0",
          "id": "1yjlFN6hFs0uOjFRkjFow0",
          "images": [
            {
              "height": 640,
              "url": "https://i.scdn.co/image/ab67616d0000b2737b6982c07a75afcf309cb1da",
              "width": 640
            },
            {
              "height": 300,
              "url": "https://i.scdn.co/image/ab67616d00001e027b6982c07a75afcf309cb1da",
              "width": 300
            },
            {
              "height": 64,
              "url": "https://i.scdn.co/image/ab67616d000048517b6982c07a75afcf309cb1da",
              "width": 64
            }
          ],
          "name": "The Last Temptation",
          "release_date": "2002",
          "release_date_precision": "year",
          "total_tracks": 15,
          "type": "album",
          "uri": "spotify:album:1yjlFN6hFs0uOjFRkjFow0"
        },
        "artists": [
          {
            "external_urls": {
              "spotify": "https://open.spotify.com/artist/1J2VVASYAamtQ3Bt8wGgA6"
            },
            "href": "https://api.spotify.com/v1/artists/1J2VVASYAamtQ3Bt8wGgA6",
            "id": "1J2VVASYAamtQ3Bt8wGgA6",
            "name": "Ja Rule",
            "type": "artist",
            "uri": "spotify:artist:1J2VVASYAamtQ3Bt8wGgA6"
          },
          {
            "external_urls": {
              "spotify": "https://open.spotify.com/artist/62sPt3fswraiEPnKQpAbdE"
            },
            "href": "https://api.spotify.com/v1/artists/62sPt3fswraiEPnKQpAbdE",
            "id": "62sPt3fswraiEPnKQpAbdE",
            "name": "Bobby Brown",
            "type": "artist",
            "uri": "spotify:artist:62sPt3fswraiEPnKQpAbdE"
          }
        ],
        "available_markets": [
          "GB",
          "IE"
        ],
        "disc_number": 1,
        "duration_ms": 290573,
        "episode": false,
        "explicit": true,
        "external_ids": {
          "isrc": "USDJ20201102"
        },
        "external_urls": {
          "spotify": "https://open.spotify.com/track/6BN2aqK7xODBR1Jfi0WYyb"
        },
        "href": "https://api.spotify.com/v1/tracks/6BN2aqK7xODBR1Jfi0WYyb",
        "id": "6BN2aqK7xODBR1Jfi0WYyb",
        "is_local": false,
        "name": "Thug Lovin'",
        "popularity": 22,
        "preview_url": null,
        "track": true,
        "track_number": 2,
        "type": "track",
        "uri": "spotify:track:6BN2aqK7xODBR1Jfi0WYyb"
      },
      "video_thumbnail": {
        "url": null
      }
    },
    {
      "added_at": "2020-06-11T12:09:36Z",
      "added_by": {
        "external_urls": {
          "spotify": "https://open.spotify.com/user/sxpicmeg7a1v2g6pe4gef0xhe"
        },
        "href": "https://api.spotify.com/v1/users/sxpicmeg7a1v2g6pe4gef0xhe",
        "id": "sxpicmeg7a1v2g6pe4gef0xhe",
        "type": "user",
        "uri": "spotify:user:sxpicmeg7a1v2g6pe4gef0xhe"
      },
      "is_local": false,
      "primary_color": null,
      "track": {
        "album": {
          "album_type": "album",
          "artists": [
            {
              "external_urls": {
                "spotify": "https://open.spotify.com/artist/2gBjLmx6zQnFGQJCAQpRgw"
              },
              "href": "https://api.spotify.com/v1/artists/2gBjLmx6zQnFGQJCAQpRgw",
              "id": "2gBjLmx6zQnFGQJCAQpRgw",
              "name": "Nelly",
              "type": "artist",
              "uri": "spotify:artist:2gBjLmx6zQnFGQJCAQpRgw"
            }
          ],
          "available_markets": [
            "AD",
            "AE",
            "AR",
            "AT",
            "AU",
            "BE",
            "BG",
            "BH",
            "BO",
            "BR",
            "CA",
            "CH",
            "CL",
            "CO",
            "CR",
            "CY",
            "CZ",
            "DE",
            "DK",
            "DO",
            "DZ",
            "EC",
            "EE",
            "EG",
            "ES",
            "FI",
            "FR",
            "GB",
            "GR",
            "GT",
            "HK",
            "HN",
            "HU",
            "ID",
            "IE",
            "IL",
            "IN",
            "IS",
            "IT",
            "JO",
            "JP",
            "KW",
            "LB",
            "LI",
            "LT",
            "LU",
            "LV",
            "MA",
            "MC",
            "MT",
            "MX",
            "MY",
            "NI",
            "NL",
            "NO",
            "NZ",
            "OM",
            "PA",
            "PE",
            "PH",
            "PL",
            "PS",
            "PT",
            "PY",
            "QA",
            "RO",
            "SA",
            "SE",
            "SG",
            "SK",
            "SV",
            "TH",
            "TN",
            "TR",
            "TW",
            "US",
            "UY",
            "VN",
            "ZA"
          ],
          "external_urls": {
            "spotify": "https://open.spotify.com/album/5v7Icroz1sQsK2sQyLrWzE"
          },
          "href": "https://api.spotify.com/v1/albums/5v7Icroz1sQsK2sQyLrWzE",
          "id": "5v7Icroz1sQsK2sQyLrWzE",
          "images": [
            {
              "height": 640,
              "url": "https://i.scdn.co/image/ab67616d0000b273a7ad64a69a42647de9dd0dad",
              "width": 640
            },
            {
              "height": 300,
              "url": "https://i.scdn.co/image/ab67616d00001e02a7ad64a69a42647de9dd0dad",
              "width": 300
            },
            {
              "height": 64,
              "url": "https://i.scdn.co/image/ab67616d00004851a7ad64a69a42647de9dd0dad",
              "width": 64
            }
          ],
          "name": "Country Grammar",
          "release_date": "2000-06-27",
          "release_date_precision": "day",
          "total_tracks": 17,
          "type": "album",
          "uri": "spotify:album:5v7Icroz1sQsK2sQyLrWzE"
        },
        "artists": [
          {
            "external_urls": {
              "spotify": "https://open.spotify.com/artist/2gBjLmx6zQnFGQJCAQpRgw"
            },
            "href": "https://api.spotify.com/v1/artists/2gBjLmx6zQnFGQJCAQpRgw",
            "id": "2gBjLmx6zQnFGQJCAQpRgw",
            "name": "Nelly",
            "type": "artist",
            "uri": "spotify:artist:2gBjLmx6zQnFGQJCAQpRgw"
          }
        ],
        "available_markets": [
          "AD",
          "AE",
          "AR",
          "AT",
          "AU",
          "BE",
          "BG",
          "BH",
          "BO",
          "BR",
          "CA",
          "CH",
          "CL",
          "CO",
          "CR",
          "CY",
          "CZ",
          "DE",
          "DK",
          "DO",
          "DZ",
          "EC",
          "EE",
          "EG",
          "ES",
          "FI",
          "FR",
          "GB",
          "GR",
          "GT",
          "HK",
          "HN",
          "HU",
          "ID",
          "IE",
          "IL",
          "IN",
          "IS",
          "IT",
          "JO",
          "JP",
          "KW",
          "LB",
          "LI",
          "LT",
          "LU",
          "LV",
          "MA",
          "MC",
          "MT",
          "MX",
          "MY",
          "NI",
          "NL",
          "NO",
          "NZ",
          "OM",
          "PA",
          "PE",
          "PH",
          "PL",
          "PS",
          "PT",
          "PY",
          "QA",
          "RO",
          "SA",
          "SE",
          "SG",
          "SK",
          "SV",
          "TH",
          "TN",
          "TR",
          "TW",
          "US",
          "UY",
          "VN",
          "ZA"
        ],
        "disc_number": 1,
        "duration_ms": 287000,
        "episode": false,
        "explicit": true,
        "external_ids": {
          "isrc": "USUR10080452"
        },
        "external_urls": {
          "spotify": "https://open.spotify.com/track/3wMUvT6eIw2L5cZFG1yH9j"
        },
        "href": "https://api.spotify.com/v1/tracks/3wMUvT6eIw2L5cZFG1yH9j",
        "id": "3wMUvT6eIw2L5cZFG1yH9j",
        "is_local": false,
        "name": "Country Grammar (Hot Shit)",
        "popularity": 70,
        "preview_url": null,
        "track": true,
        "track_number": 4,
        "type": "track",
        "uri": "spotify:track:3wMUvT6eIw2L5cZFG1yH9j"
      },
      "video_thumbnail": {
        "url": null
      }
    },
    {
      "added_at": "2020-06-11T12:10:49Z",
      "added_by": {
        "external_urls": {
          "spotify": "https://open.spotify.com/user/sxpicmeg7a1v2g6pe4gef0xhe"
        },
        "href": "https://api.spotify.com/v1/users/sxpicmeg7a1v2g6pe4gef0xhe",
        "id": "sxpicmeg7a1v2g6pe4gef0xhe",
        "type": "user",
        "uri": "spotify:user:sxpicmeg7a1v2g6pe4gef0xhe"
      },
      "is_local": false,
      "primary_color": null,
      "track": {
        "album": {
          "album_type": "album",
          "artists": [
            {
              "external_urls": {
                "spotify": "https://open.spotify.com/artist/2gBjLmx6zQnFGQJCAQpRgw"
              },
              "href": "https://api.spotify.com/v1/artists/2gBjLmx6zQnFGQJCAQpRgw",
              "id": "2gBjLmx6zQnFGQJCAQpRgw",
              "name": "Nelly",
              "type": "artist",
              "uri": "spotify:artist:2gBjLmx6zQnFGQJCAQpRgw"
            }
          ],
          "available_markets": [
            "AD",
            "AE",
            "AR",
            "AT",
            "AU",
            "BE",
            "BG",
            "BH",
            "BO",
            "BR",
            "CA",
            "CH",
            "CL",
            "CO",
            "CR",
            "CY",
            "CZ",
            "DE",
            "DK",
            "DO",
            "DZ",
            "EC",
            "EE",
            "EG",
            "ES",
            "FI",
            "FR",
            "GB",
            "GR",
            "GT",
            "HK",
            "HN",
            "HU",
            "ID",
            "IE",
            "IL",
            "IN",
            "IS",
            "IT",
            "JO",
            "JP",
            "KW",
            "LB",
            "LI",
            "LT",
            "LU",
            "LV",
            "MA",
            "MC",
            "MT",
            "MX",
            "MY",
            "NI",
            "NL",
            "NO",
            "NZ",
            "OM",
            "PA",
            "PE",
            "PH",
            "PL",
            "PS",
            "PT",
            "PY",
            "QA",
            "RO",
            "SA",
            "SE",
            "SG",
            "SK",
            "SV",
            "TH",
            "TN",
            "TR",
            "TW",
            "US",
            "UY",
            "VN",
            "ZA"
          ],
          "external_urls": {
            "spotify": "https://open.spotify.com/album/5v7Icroz1sQsK2sQyLrWzE"
          },
          "href": "https://api.spotify.com/v1/albums/5v7Icroz1sQsK2sQyLrWzE",
          "id": "5v7Icroz1sQsK2sQyLrWzE",
          "images": [
            {
              "height": 640,
              "url": "https://i.scdn.co/image/ab67616d0000b273a7ad64a69a42647de9dd0dad",
              "width": 640
            },
            {
              "height": 300,
              "url": "https://i.scdn.co/image/ab67616d00001e02a7ad64a69a42647de9dd0dad",
              "width": 300
            },
            {
              "height": 64,
              "url": "https://i.scdn.co/image/ab67616d00004851a7ad64a69a42647de9dd0dad",
              "width": 64
            }
          ],
          "name": "Country Grammar",
          "release_date": "2000-06-27",
          "release_date_precision": "day",
          "total_tracks": 17,
          "type": "album",
          "uri": "spotify:album:5v7Icroz1sQsK2sQyLrWzE"
        },
        "artists": [
          {
            "external_urls": {
              "spotify": "https://open.spotify.com/artist/2gBjLmx6zQnFGQJCAQpRgw"
            },
            "href": "https://api.spotify.com/v1/artists/2gBjLmx6zQnFGQJCAQpRgw",
            "id": "2gBjLmx6zQnFGQJCAQpRgw",
            "name": "Nelly",
            "type": "artist",
            "uri": "spotify:artist:2gBjLmx6zQnFGQJCAQpRgw"
          }
        ],
        "available_markets": [
          "AD",
          "AE",
          "AR",
          "AT",
          "AU",
          "BE",
          "BG",
          "BH",
          "BO",
          "BR",
          "CA",
          "CH",
          "CL",
          "CO",
          "CR",
          "CY",
          "CZ",
          "DE",
          "DK",
          "DO",
          "DZ",
          "EC",
          "EE",
          "EG",
          "ES",
          "FI",
          "FR",
          "GB",
          "GR",
          "GT",
          "HK",
          "HN",
          "HU",
          "ID",
          "IE",
          "IL",
          "IN",
          "IS",
          "IT",
          "JO",
          "JP",
          "KW",
          "LB",
          "LI",
          "LT",
          "LU",
          "LV",
          "MA",
          "MC",
          "MT",
          "MX",
          "MY",
          "NI",
          "NL",
          "NO",
          "NZ",
          "OM",
          "PA",
          "PE",
          "PH",
          "PL",
          "PS",
          "PT",
          "PY",
          "QA",
          "RO",
          "SA",
          "SE",
          "SG",
          "SK",
          "SV",
          "TH",
          "TN",
          "TR",
          "TW",
          "US",
          "UY",
          "VN",
          "ZA"
        ],
        "disc_number": 1,
        "duration_ms": 287000,
        "episode": false,
        "explicit": true,
        "external_ids": {
          "isrc": "USUR10080452"
        },
        "external_urls": {
          "spotify": "https://open.spotify.com/track/3wMUvT6eIw2L5cZFG1yH9j"
        },
        "href": "https://api.spotify.com/v1/tracks/3wMUvT6eIw2L5cZFG1yH9j",
        "id": "3wMUvT6eIw2L5cZFG1yH9j",
        "is_local": false,
        "name": "Country Grammar (Hot Shit)",
        "popularity": 70,
        "preview_url": null,
        "track": true,
        "track_number": 4,
        "type": "track",
        "uri": "spotify:track:3wMUvT6eIw2L5cZFG1yH9j"
      },
      "video_thumbnail": {
        "url": null
      }
    },
    {
      "added_at": "2020-06-11T12:11:06Z",
      "added_by": {
        "external_urls": {
          "spotify": "https://open.spotify.com/user/sxpicmeg7a1v2g6pe4gef0xhe"
        },
        "href": "https://api.spotify.com/v1/users/sxpicmeg7a1v2g6pe4gef0xhe",
        "id": "sxpicmeg7a1v2g6pe4gef0xhe",
        "type": "user",
        "uri": "spotify:user:sxpicmeg7a1v2g6pe4gef0xhe"
      },
      "is_local": false,
      "primary_color": null,
      "track": {
        "album": {
          "album_type": "album",
          "artists": [
            {
              "external_urls": {
                "spotify": "https://open.spotify.com/artist/2gBjLmx6zQnFGQJCAQpRgw"
              },
              "href": "https://api.spotify.com/v1/artists/2gBjLmx6zQnFGQJCAQpRgw",
              "id": "2gBjLmx6zQnFGQJCAQpRgw",
              "name": "Nelly",
              "type": "artist",
              "uri": "spotify:artist:2gBjLmx6zQnFGQJCAQpRgw"
            }
          ],
          "available_markets": [
            "AD",
            "AE",
            "AR",
            "AT",
            "AU",
            "BE",
            "BG",
            "BH",
            "BO",
            "BR",
            "CA",
            "CH",
            "CL",
            "CO",
            "CR",
            "CY",
            "CZ",
            "DE",
            "DK",
            "DO",
            "DZ",
            "EC",
            "EE",
            "EG",
            "ES",
            "FI",
            "FR",
            "GB",
            "GR",
            "GT",
            "HK",
            "HN",
            "HU",
            "ID",
            "IE",
            "IL",
            "IN",
            "IS",
            "IT",
            "JO",
            "JP",
            "KW",
            "LB",
            "LI",
            "LT",
            "LU",
            "LV",
            "MA",
            "MC",
            "MT",
            "MX",
            "MY",
            "NI",
            "NL",
            "NO",
            "NZ",
            "OM",
            "PA",
            "PE",
            "PH",
            "PL",
            "PS",
            "PT",
            "PY",
            "QA",
            "RO",
            "SA",
            "SE",
            "SG",
            "SK",
            "SV",
            "TH",
            "TN",
            "TR",
            "TW",
            "US",
            "UY",
            "VN",
            "ZA"
          ],
          "external_urls": {
            "spotify": "https://open.spotify.com/album/5v7Icroz1sQsK2sQyLrWzE"
          },
          "href": "https://api.spotify.com/v1/albums/5v7Icroz1sQsK2sQyLrWzE",
          "id": "5v7Icroz1sQsK2sQyLrWzE",
          "images": [
            {
              "height": 640,
              "url": "https://i.scdn.co/image/ab67616d0000b273a7ad64a69a42647de9dd0dad",
              "width": 640
            },
            {
              "height": 300,
              "url": "https://i.scdn.co/image/ab67616d00001e02a7ad64a69a42647de9dd0dad",
              "width": 300
            },
            {
              "height": 64,
              "url": "https://i.scdn.co/image/ab67616d00004851a7ad64a69a42647de9dd0dad",
              "width": 64
            }
          ],
          "name": "Country Grammar",
          "release_date": "2000-06-27",
          "release_date_precision": "day",
          "total_tracks": 17,
          "type": "album",
          "uri": "spotify:album:5v7Icroz1sQsK2sQyLrWzE"
        },
        "artists": [
          {
            "external_urls": {
              "spotify": "https://open.spotify.com/artist/2gBjLmx6zQnFGQJCAQpRgw"
            },
            "href": "https://api.spotify.com/v1/artists/2gBjLmx6zQnFGQJCAQpRgw",
            "id": "2gBjLmx6zQnFGQJCAQpRgw",
            "name": "Nelly",
            "type": "artist",
            "uri": "spotify:artist:2gBjLmx6zQnFGQJCAQpRgw"
          }
        ],
        "available_markets": [
          "AD",
          "AE",
          "AR",
          "AT",
          "AU",
          "BE",
          "BG",
          "BH",
          "BO",
          "BR",
          "CA",
          "CH",
          "CL",
          "CO",
          "CR",
          "CY",
          "CZ",
          "DE",
          "DK",
          "DO",
          "DZ",
          "EC",
          "EE",
          "EG",
          "ES",
          "FI",
          "FR",
          "GB",
          "GR",
          "GT",
          "HK",
          "HN",
          "HU",
          "ID",
          "IE",
          "IL",
          "IN",
          "IS",
          "IT",
          "JO",
          "JP",
          "KW",
          "LB",
          "LI",
          "LT",
          "LU",
          "LV",
          "MA",
          "MC",
          "MT",
          "MX",
          "MY",
          "NI",
          "NL",
          "NO",
          "NZ",
          "OM",
          "PA",
          "PE",
          "PH",
          "PL",
          "PS",
          "PT",
          "PY",
          "QA",
          "RO",
          "SA",
          "SE",
          "SG",
          "SK",
          "SV",
          "TH",
          "TN",
          "TR",
          "TW",
          "US",
          "UY",
          "VN",
          "ZA"
        ],
        "disc_number": 1,
        "duration_ms": 285906,
        "episode": false,
        "explicit": true,
        "external_ids": {
          "isrc": "USUR10000178"
        },
        "external_urls": {
          "spotify": "https://open.spotify.com/track/4bUfMNNmiCmPXVyWzIfKeZ"
        },
        "href": "https://api.spotify.com/v1/tracks/4bUfMNNmiCmPXVyWzIfKeZ",
        "id": "4bUfMNNmiCmPXVyWzIfKeZ",
        "is_local": false,
        "name": "E.I.",
        "popularity": 61,
        "preview_url": null,
        "track": true,
        "track_number": 8,
        "type": "track",
        "uri": "spotify:track:4bUfMNNmiCmPXVyWzIfKeZ"
      },
      "video_thumbnail": {
        "url": null
      }
    },
    {
      "added_at": "2020-06-11T12:28:19Z",
      "added_by": {
        "external_urls": {
          "spotify": "https://open.spotify.com/user/sxpicmeg7a1v2g6pe4gef0xhe"
        },
        "href": "https://api.spotify.com/v1/users/sxpicmeg7a1v2g6pe4gef0xhe",
        "id": "sxpicmeg7a1v2g6pe4gef0xhe",
        "type": "user",
        "uri": "spotify:user:sxpicmeg7a1v2g6pe4gef0xhe"
      },
      "is_local": false,
      "primary_color": null,
      "track": {
        "album": {
          "album_type": "album",
          "artists": [
            {
              "external_urls": {
                "spotify": "https://open.spotify.com/artist/1YfEcTuGvBQ8xSD1f53UnK"
              },
              "href": "https://api.spotify.com/v1/artists/1YfEcTuGvBQ8xSD1f53UnK",
              "id": "1YfEcTuGvBQ8xSD1f53UnK",
              "name": "Busta Rhymes",
              "type": "artist",
              "uri": "spotify:artist:1YfEcTuGvBQ8xSD1f53UnK"
            }
          ],
          "available_markets": [
            "AD",
            "AE",
            "AR",
            "AT",
            "AU",
            "BE",
            "BG",
            "BH",
            "BO",
            "BR",
            "CA",
            "CH",
            "CL",
            "CO",
            "CR",
            "CY",
            "CZ",
            "DE",
            "DK",
            "DO",
            "DZ",
            "EC",
            "EE",
            "EG",
            "ES",
            "FI",
            "FR",
            "GB",
            "GR",
            "GT",
            "HK",
            "HN",
            "HU",
            "ID",
            "IE",
            "IL",
            "IN",
            "IS",
            "IT",
            "JO",
            "JP",
            "KW",
            "LB",
            "LI",
            "LT",
            "LU",
            "LV",
            "MA",
            "MC",
            "MT",
            "MX",
            "MY",
            "NI",
            "NL",
            "NO",
            "NZ",
            "OM",
            "PA",
            "PE",
            "PH",
            "PL",
            "PS",
            "PT",
            "PY",
            "QA",
            "RO",
            "SA",
            "SE",
            "SG",
            "SK",
            "SV",
            "TH",
            "TN",
            "TR",
            "TW",
            "US",
            "UY",
            "VN",
            "ZA"
          ],
          "external_urls": {
            "spotify": "https://open.spotify.com/album/6nPdlsKWGOFepgMMXTZReP"
          },
          "href": "https://api.spotify.com/v1/albums/6nPdlsKWGOFepgMMXTZReP",
          "id": "6nPdlsKWGOFepgMMXTZReP",
          "images": [
            {
              "height": 640,
              "url": "https://i.scdn.co/image/ab67616d0000b273fa84b273d99d5989c5124c8e",
              "width": 640
            },
            {
              "height": 300,
              "url": "https://i.scdn.co/image/ab67616d00001e02fa84b273d99d5989c5124c8e",
              "width": 300
            },
            {
              "height": 64,
              "url": "https://i.scdn.co/image/ab67616d00004851fa84b273d99d5989c5124c8e",
              "width": 64
            }
          ],
          "name": "When Disaster Strikes",
          "release_date": "1997",
          "release_date_precision": "year",
          "total_tracks": 18,
          "type": "album",
          "uri": "spotify:album:6nPdlsKWGOFepgMMXTZReP"
        },
        "artists": [
          {
            "external_urls": {
              "spotify": "https://open.spotify.com/artist/1YfEcTuGvBQ8xSD1f53UnK"
            },
            "href": "https://api.spotify.com/v1/artists/1YfEcTuGvBQ8xSD1f53UnK",
            "id": "1YfEcTuGvBQ8xSD1f53UnK",
            "name": "Busta Rhymes",
            "type": "artist",
            "uri": "spotify:artist:1YfEcTuGvBQ8xSD1f53UnK"
          }
        ],
        "available_markets": [
          "AD",
          "AE",
          "AR",
          "AT",
          "AU",
          "BE",
          "BG",
          "BH",
          "BO",
          "BR",
          "CA",
          "CH",
          "CL",
          "CO",
          "CR",
          "CY",
          "CZ",
          "DE",
          "DK",
          "DO",
          "DZ",
          "EC",
          "EE",
          "EG",
          "ES",
          "FI",
          "FR",
          "GB",
          "GR",
          "GT",
          "HK",
          "HN",
          "HU",
          "ID",
          "IE",
          "IL",
          "IN",
          "IS",
          "IT",
          "JO",
          "JP",
          "KW",
          "LB",
          "LI",
          "LT",
          "LU",
          "LV",
          "MA",
          "MC",
          "MT",
          "MX",
          "MY",
          "NI",
          "NL",
          "NO",
          "NZ",
          "OM",
          "PA",
          "PE",
          "PH",
          "PL",
          "PS",
          "PT",
          "PY",
          "QA",
          "RO",
          "SA",
          "SE",
          "SG",
          "SK",
          "SV",
          "TH",
          "TN",
          "TR",
          "TW",
          "US",
          "UY",
          "VN",
          "ZA"
        ],
        "disc_number": 1,
        "duration_ms": 194293,
        "episode": false,
        "explicit": true,
        "external_ids": {
          "isrc": "USEE19792108"
        },
        "external_urls": {
          "spotify": "https://open.spotify.com/track/1NHwvBmrUje4L1dxfWnXCH"
        },
        "href": "https://api.spotify.com/v1/tracks/1NHwvBmrUje4L1dxfWnXCH",
        "id": "1NHwvBmrUje4L1dxfWnXCH",
        "is_local": false,
        "name": "Put Your Hands Where My Eyes Could See",
        "popularity": 61,
        "preview_url": "https://p.scdn.co/mp3-preview/5ae053e6e0d3bf3cd061f517038c053ce6fbb4ef?cid=774b29d4f13844c495f206cafdad9c86",
        "track": true,
        "track_number": 8,
        "type": "track",
        "uri": "spotify:track:1NHwvBmrUje4L1dxfWnXCH"
      },
      "video_thumbnail": {
        "url": null
      }
    },
    {
      "added_at": "2020-06-11T12:32:59Z",
      "added_by": {
        "external_urls": {
          "spotify": "https://open.spotify.com/user/sxpicmeg7a1v2g6pe4gef0xhe"
        },
        "href": "https://api.spotify.com/v1/users/sxpicmeg7a1v2g6pe4gef0xhe",
        "id": "sxpicmeg7a1v2g6pe4gef0xhe",
        "type": "user",
        "uri": "spotify:user:sxpicmeg7a1v2g6pe4gef0xhe"
      },
      "is_local": false,
      "primary_color": null,
      "track": {
        "album": {
          "album_type": "album",
          "artists": [
            {
              "external_urls": {
                "spotify": "https://open.spotify.com/artist/1ZwdS5xdxEREPySFridCfh"
              },
              "href": "https://api.spotify.com/v1/artists/1ZwdS5xdxEREPySFridCfh",
              "id": "1ZwdS5xdxEREPySFridCfh",
              "name": "2Pac",
              "type": "artist",
              "uri": "spotify:artist:1ZwdS5xdxEREPySFridCfh"
            }
          ],
          "available_markets": [],
          "external_urls": {
            "spotify": "https://open.spotify.com/album/5rZPctLvC5HAZQUXZXjLIF"
          },
          "href": "https://api.spotify.com/v1/albums/5rZPctLvC5HAZQUXZXjLIF",
          "id": "5rZPctLvC5HAZQUXZXjLIF",
          "images": [
            {
              "height": 640,
              "url": "https://i.scdn.co/image/ab67616d0000b273a150ee3231c67e70426eb91c",
              "width": 640
            },
            {
              "height": 300,
              "url": "https://i.scdn.co/image/ab67616d00001e02a150ee3231c67e70426eb91c",
              "width": 300
            },
            {
              "height": 64,
              "url": "https://i.scdn.co/image/ab67616d00004851a150ee3231c67e70426eb91c",
              "width": 64
            }
          ],
          "name": "R U Still Down? [Remember Me]",
          "release_date": "1997-01-01",
          "release_date_precision": "day",
          "total_tracks": 26,
          "type": "album",
          "uri": "spotify:album:5rZPctLvC5HAZQUXZXjLIF"
        },
        "artists": [
          {
            "external_urls": {
              "spotify": "https://open.spotify.com/artist/1ZwdS5xdxEREPySFridCfh"
            },
            "href": "https://api.spotify.com/v1/artists/1ZwdS5xdxEREPySFridCfh",
            "id": "1ZwdS5xdxEREPySFridCfh",
            "name": "2Pac",
            "type": "artist",
            "uri": "spotify:artist:1ZwdS5xdxEREPySFridCfh"
          }
        ],
        "available_markets": [],
        "disc_number": 2,
        "duration_ms": 281600,
        "episode": false,
        "explicit": true,
        "external_ids": {
          "isrc": "USDJ20300663"
        },
        "external_urls": {
          "spotify": "https://open.spotify.com/track/3dSGqXMll4UJUohLANG0ce"
        },
        "href": "https://api.spotify.com/v1/tracks/3dSGqXMll4UJUohLANG0ce",
        "id": "3dSGqXMll4UJUohLANG0ce",
        "is_local": false,
        "name": "Do For Love",
        "popularity": 0,
        "preview_url": null,
        "track": true,
        "track_number": 6,
        "type": "track",
        "uri": "spotify:track:3dSGqXMll4UJUohLANG0ce"
      },
      "video_thumbnail": {
        "url": null
      }
    },
    {
      "added_at": "2020-06-11T12:36:38Z",
      "added_by": {
        "external_urls": {
          "spotify": "https://open.spotify.com/user/sxpicmeg7a1v2g6pe4gef0xhe"
        },
        "href": "https://api.spotify.com/v1/users/sxpicmeg7a1v2g6pe4gef0xhe",
        "id": "sxpicmeg7a1v2g6pe4gef0xhe",
        "type": "user",
        "uri": "spotify:user:sxpicmeg7a1v2g6pe4gef0xhe"
      },
      "is_local": false,
      "primary_color": null,
      "track": {
        "album": {
          "album_type": "album",
          "artists": [
            {
              "external_urls": {
                "spotify": "https://open.spotify.com/artist/1ZwdS5xdxEREPySFridCfh"
              },
              "href": "https://api.spotify.com/v1/artists/1ZwdS5xdxEREPySFridCfh",
              "id": "1ZwdS5xdxEREPySFridCfh",
              "name": "2Pac",
              "type": "artist",
              "uri": "spotify:artist:1ZwdS5xdxEREPySFridCfh"
            }
          ],
          "available_markets": [],
          "external_urls": {
            "spotify": "https://open.spotify.com/album/5rZPctLvC5HAZQUXZXjLIF"
          },
          "href": "https://api.spotify.com/v1/albums/5rZPctLvC5HAZQUXZXjLIF",
          "id": "5rZPctLvC5HAZQUXZXjLIF",
          "images": [
            {
              "height": 640,
              "url": "https://i.scdn.co/image/ab67616d0000b273a150ee3231c67e70426eb91c",
              "width": 640
            },
            {
              "height": 300,
              "url": "https://i.scdn.co/image/ab67616d00001e02a150ee3231c67e70426eb91c",
              "width": 300
            },
            {
              "height": 64,
              "url": "https://i.scdn.co/image/ab67616d00004851a150ee3231c67e70426eb91c",
              "width": 64
            }
          ],
          "name": "R U Still Down? [Remember Me]",
          "release_date": "1997-01-01",
          "release_date_precision": "day",
          "total_tracks": 26,
          "type": "album",
          "uri": "spotify:album:5rZPctLvC5HAZQUXZXjLIF"
        },
        "artists": [
          {
            "external_urls": {
              "spotify": "https://open.spotify.com/artist/1ZwdS5xdxEREPySFridCfh"
            },
            "href": "https://api.spotify.com/v1/artists/1ZwdS5xdxEREPySFridCfh",
            "id": "1ZwdS5xdxEREPySFridCfh",
            "name": "2Pac",
            "type": "artist",
            "uri": "spotify:artist:1ZwdS5xdxEREPySFridCfh"
          }
        ],
        "available_markets": [],
        "disc_number": 2,
        "duration_ms": 281600,
        "episode": false,
        "explicit": true,
        "external_ids": {
          "isrc": "USDJ20300663"
        },
        "external_urls": {
          "spotify": "https://open.spotify.com/track/3dSGqXMll4UJUohLANG0ce"
        },
        "href": "https://api.spotify.com/v1/tracks/3dSGqXMll4UJUohLANG0ce",
        "id": "3dSGqXMll4UJUohLANG0ce",
        "is_local": false,
        "name": "Do For Love",
        "popularity": 0,
        "preview_url": null,
        "track": true,
        "track_number": 6,
        "type": "track",
        "uri": "spotify:track:3dSGqXMll4UJUohLANG0ce"
      },
      "video_thumbnail": {
        "url": null
      }
    },
    {
      "added_at": "2020-06-11T12:39:10Z",
      "added_by": {
        "external_urls": {
          "spotify": "https://open.spotify.com/user/sxpicmeg7a1v2g6pe4gef0xhe"
        },
        "href": "https://api.spotify.com/v1/users/sxpicmeg7a1v2g6pe4gef0xhe",
        "id": "sxpicmeg7a1v2g6pe4gef0xhe",
        "type": "user",
        "uri": "spotify:user:sxpicmeg7a1v2g6pe4gef0xhe"
      },
      "is_local": false,
      "primary_color": null,
      "track": {
        "album": {
          "album_type": "album",
          "artists": [
            {
              "external_urls": {
                "spotify": "https://open.spotify.com/artist/7hJcb9fa4alzcOq3EaNPoG"
              },
              "href": "https://api.spotify.com/v1/artists/7hJcb9fa4alzcOq3EaNPoG",
              "id": "7hJcb9fa4alzcOq3EaNPoG",
              "name": "Snoop Dogg",
              "type": "artist",
              "uri": "spotify:artist:7hJcb9fa4alzcOq3EaNPoG"
            }
          ],
          "available_markets": [],
          "external_urls": {
            "spotify": "https://open.spotify.com/album/7f9KDGqY7X2VLBM5aA66KM"
          },
          "href": "https://api.spotify.com/v1/albums/7f9KDGqY7X2VLBM5aA66KM",
          "id": "7f9KDGqY7X2VLBM5aA66KM",
          "images": [
            {
              "height": 640,
              "url": "https://i.scdn.co/image/ab67616d0000b273e50059a623feb4eec8dcd668",
              "width": 640
            },
            {
              "height": 300,
              "url": "https://i.scdn.co/image/ab67616d00001e02e50059a623feb4eec8dcd668",
              "width": 300
            },
            {
              "height": 64,
              "url": "https://i.scdn.co/image/ab67616d00004851e50059a623feb4eec8dcd668",
              "width": 64
            }
          ],
          "name": "Doggystyle",
          "release_date": "1993",
          "release_date_precision": "year",
          "total_tracks": 13,
          "type": "album",
          "uri": "spotify:album:7f9KDGqY7X2VLBM5aA66KM"
        },
        "artists": [
          {
            "external_urls": {
              "spotify": "https://open.spotify.com/artist/7hJcb9fa4alzcOq3EaNPoG"
            },
            "href": "https://api.spotify.com/v1/artists/7hJcb9fa4alzcOq3EaNPoG",
            "id": "7hJcb9fa4alzcOq3EaNPoG",
            "name": "Snoop Dogg",
            "type": "artist",
            "uri": "spotify:artist:7hJcb9fa4alzcOq3EaNPoG"
          },
          {
            "external_urls": {
              "spotify": "https://open.spotify.com/artist/5Jz9kKRnCRLTodCH58MyB4"
            },
            "href": "https://api.spotify.com/v1/artists/5Jz9kKRnCRLTodCH58MyB4",
            "id": "5Jz9kKRnCRLTodCH58MyB4",
            "name": "Daz Dillinger",
            "type": "artist",
            "uri": "spotify:artist:5Jz9kKRnCRLTodCH58MyB4"
          }
        ],
        "available_markets": [],
        "disc_number": 1,
        "duration_ms": 211493,
        "episode": false,
        "explicit": true,
        "external_ids": {
          "isrc": "USKO10403590"
        },
        "external_urls": {
          "spotify": "https://open.spotify.com/track/0WKYRFtH6KKbaNWjsxqm70"
        },
        "href": "https://api.spotify.com/v1/tracks/0WKYRFtH6KKbaNWjsxqm70",
        "id": "0WKYRFtH6KKbaNWjsxqm70",
        "is_local": false,
        "name": "Gin And Juice (feat. Dat Nigga Daz)",
        "popularity": 45,
        "preview_url": null,
        "track": true,
        "track_number": 3,
        "type": "track",
        "uri": "spotify:track:0WKYRFtH6KKbaNWjsxqm70"
      },
      "video_thumbnail": {
        "url": null
      }
    }
  ],
  "limit": 100,
  "next": null,
  "offset": 0,
  "previous": null,
  "total": 10
}