{
  "href": "https://api.spotify.com/v1/playlists/4UfiphjVWr3u3Amv0e8Cnk/tracks?offset=0&limit=100",
  "items": [
    {
      "added_at": "2020-06-11T11:31:58Z",
      "added_by": {
        "external_urls": {
          "spotify": "https://open.spotify.com/user/sxpicmeg7a1v2g6pe4gef0xhe"
        },
        "href": "https://api.spotify.com/v1/users/sxpicmeg7a1v2g6pe4gef0xhe",
        "id": "sxpicmeg7a1v2g6pe4gef0xhe",
        "type": "user",
        "uri": "spotify:user:sxpicmeg7a1v2g6pe4gef0xhe"
      },
      "is_local": false,
      "primary_color": null,
      "track": {
        "album": {
          "album_type": "album",
          "artists": [
            {
              "external_urls": {
                "spotify": "https://open.spotify.com/artist/3fMbdgg4jU18AjLCKBhRSm"
              },
              "href": "https://api.spotify.com/v1/artists/3fMbdgg4jU18AjLCKBhRSm",
              "id": "3fMbdgg4jU18AjLCKBhRSm",
              "name": "Michael Jackson",
              "type": "artist",
              "uri": "spotify:artist:3fMbdgg4jU18AjLCKBhRSm"
            }
          ],
          "available_markets": [
            "AD",
            "AE",
            "AR",
            "AT",
            "AU",
            "BE",
            "BG",
            "BH",
            "BO",
            "BR",
            "CA",
            "CH",
            "CL",
            "CO",
            "CR",
            "CY",
            "CZ",
            "DE",
            "DK",
            "DO",
            "DZ",
            "EC",
            "EE",
            "EG",
            "ES",
            "FI",
            "FR",
            "GB",
            "GR",
            "GT",
            "HK",
            "HN",
            "HU",
            "ID",
            "IE",
            "IL",
            "IN",
            "IS",
            "IT",
            "JO",
            "JP",
            "KW",
            "LB",
            "LI",
            "LT",
            "LU",
            "LV",
            "MA",
            "MC",
            "MT",
            "MX",
            "MY",
            "NI",
            "NL",
            "NO",
            "NZ",
            "OM",
            "PA",
            "PE",
            "PH",
            "PL",
            "PS",
            "PT",
            "PY",
            "QA",
            "RO",
            "SA",
            "SE",
            "SG",
            "SK",
            "SV",
            "TH",
            "TN",
            "TR",
            "TW",
            "US",
            "UY",
            "VN",
            "ZA"
          ],
          "external_urls": {
            "spotify": "https://open.spotify.com/album/52E4RP7XDzalpIrOgSTgiQ"
          },
          "href": "https://api.spotify.com/v1/albums/52E4RP7XDzalpIrOgSTgiQ",
          "id": "52E4RP7XDzalpIrOgSTgiQ",
          "images": [
            {
              "height": 640,
              "url": "https://i.scdn.co/image/ab67616d0000b273463de2351439f6532ff0dfbd",
              "width": 640
            },
            {
              "height": 300,
              "url": "https://i.scdn.co/image/ab67616d00001e02463de2351439f6532ff0dfbd",
              "width": 300
            },
            {
              "height": 64,
              "url": "https://i.scdn.co/image/ab67616d00004851463de2351439f6532ff0dfbd",
              "width": 64
            }
          ],
          "name": "Invincible",
          "release_date": "2001-10-29",
          "release_date_precision": "day",
          "total_tracks": 16,
          "type": "album",
          "uri": "spotify:album:52E4RP7XDzalpIrOgSTgiQ"
        },
        "artists": [
          {
            "external_urls": {
              "spotify": "https://open.spotify.com/artist/3fMbdgg4jU18AjLCKBhRSm"
            },
            "href": "https://api.spotify.com/v1/artists/3fMbdgg4jU18AjLCKBhRSm",
            "id": "3fMbdgg4jU18AjLCKBhRSm",
            "name": "Michael Jackson",
            "type": "artist",
            "uri": "spotify:artist:3fMbdgg4jU18AjLCKBhRSm"
          }
        ],
        "available_markets": [
          "AD",
          "AE",
          "AR",
          "AT",
          "AU",
          "BE",
          "BG",
          "BH",
          "BO",
          "BR",
          "CA",
          "CH",
          "CL",
          "CO",
          "CR",
          "CY",
          "CZ",
          "DE",
          "DK",
          "DO",
          "DZ",
          "EC",
          "EE",
          "EG",
          "ES",
          "FI",
          "FR",
          "GB",
          "GR",
          "GT",
          "HK",
          "HN",
          "HU",
          "ID",
          "IE",
          "IL",
          "IN",
          "IS",
          "IT",
          "JO",
          "JP",
          "KW",
          "LB",
          "LI",
          "LT",
          "LU",
          "LV",
          "MA",
          "MC",
          "MT",
          "MX",
          "MY",
          "NI",
          "NL",
          "NO",
          "NZ",
          "OM",
          "PA",
          "PE",
          "PH",
          "PL",
          "PS",
          "PT",
          "PY",
          "QA",
          "RO",
          "SA",
          "SE",
          "SG",
          "SK",
          "SV",
          "TH",
          "TN",
          "TR",
          "TW",
          "US",
          "UY",
          "VN",
          "ZA"
        ],
        "disc_number": 1,
        "duration_ms": 198373,
        "episode": false,
        "explicit": false,
        "external_ids": {
          "isrc": "USSM10110476"
        },
        "external_urls": {
          "spotify": "https://open.spotify.com/track/1O1LkHTi3Lep9OHE8BvOVe"
        },
        "href": "https://api.spotify.com/v1/tracks/1O1LkHTi3Lep9OHE8BvOVe",
        "id": "1O1LkHTi3Lep9OHE8BvOVe",
        "is_local": false,
        "name": "Speechless",
        "popularity": 45,
        "preview_url": "https://p.scdn.co/mp3-preview/6a4f593caa48c85f7206fa00b8af76d0107adc12?cid=774b29d4f13844c495f206cafdad9c86",
        "track": true,
        "track_number": 8,
        "type": "track",
        "uri": "spotify:track:1O1LkHTi3Lep9OHE8BvOVe"
      },
      "video_thumbnail": {
        "url": null
      }
    },
    {
      "added_at": "2020-06-11T11:32:39Z",
      "added_by": {
        "external_urls": {
          "spotify": "https://open.spotify.com/user/sxpicmeg7a1v2g6pe4gef0xhe"
        },
        "href": "https://api.spotify.com/v1/users/sxpicmeg7a1v2g6pe4gef0xhe",
        "id": "sxpicmeg7a1v2g6pe4gef0xhe",
        "type": "user",
        "uri": "spotify:user:sxpicmeg7a1v2g6pe4gef0xhe"
      },
      "is_local": false,
      "primary_color": null,
      "track": {
        "album": {
          "album_type": "album",
          "artists": [
            {
              "external_urls": {
                "spotify": "https://open.spotify.com/artist/3fMbdgg4jU18AjLCKBhRSm"
              },
              "href": "https://api.spotify.com/v1/artists/3fMbdgg4jU18AjLCKBhRSm",
              "id": "3fMbdgg4jU18AjLCKBhRSm",
              "name": "Michael Jackson",
              "type": "artist",
              "uri": "spotify:artist:3fMbdgg4jU18AjLCKBhRSm"
            }
          ],
          "available_markets": [
            "AD",
            "AE",
            "AR",
            "AT",
            "AU",
            "BE",
            "BG",
            "BH",
            "BO",
            "BR",
            "CA",
            "CH",
            "CL",
            "CO",
            "CR",
            "CY",
            "CZ",
            "DE",
            "DK",
            "DO",
            "DZ",
            "EC",
            "EE",
            "EG",
            "ES",
            "FI",
            "FR",
            "GB",
            "GR",
            "GT",
            "HK",
            "HN",
            "HU",
            "ID",
            "IE",
            "IL",
            "IN",
            "IS",
            "IT",
            "JO",
            "JP",
            "KW",
            "LB",
            "LI",
            "LT",
            "LU",
            "LV",
            "MA",
            "MC",
            "MT",
            "MX",
            "MY",
            "NI",
            "NL",
            "NO",
            "NZ",
            "OM",
            "PA",
            "PE",
            "PH",
            "PL",
            "PS",
            "PT",
            "PY",
            "QA",
            "RO",
            "SA",
            "SE",
            "SG",
            "SK",
            "SV",
            "TH",
            "TN",
            "TR",
            "TW",
            "US",
            "UY",
            "VN",
            "ZA"
          ],
          "external_urls": {
            "spotify": "https://open.spotify.com/album/52E4RP7XDzalpIrOgSTgiQ"
          },
          "href": "https://api.spotify.com/v1/albums/52E4RP7XDzalpIrOgSTgiQ",
          "id": "52E4RP7XDzalpIrOgSTgiQ",
          "images": [
            {
              "height": 640,
              "url": "https://i.scdn.co/image/ab67616d0000b273463de2351439f6532ff0dfbd",
              "width": 640
            },
            {
              "height": 300,
              "url": "https://i.scdn.co/image/ab67616d00001e02463de2351439f6532ff0dfbd",
              "width": 300
            },
            {
              "height": 64,
              "url": "https://i.scdn.co/image/ab67616d00004851463de2351439f6532ff0dfbd",
              "width": 64
            }
          ],
          "name": "Invincible",
          "release_date": "2001-10-29",
          "release_date_precision": "day",
          "total_tracks": 16,
          "type": "album",
          "uri": "spotify:album:52E4RP7XDzalpIrOgSTgiQ"
        },
        "artists": [
          {
            "external_urls": {
              "spotify": "https://open.spotify.com/artist/3fMbdgg4jU18AjLCKBhRSm"
            },
            "href": "https://api.spotify.com/v1/artists/3fMbdgg4jU18AjLCKBhRSm",
            "id": "3fMbdgg4jU18AjLCKBhRSm",
            "name": "Michael Jackson",
            "type": "artist",
            "uri": "spotify:artist:3fMbdgg4jU18AjLCKBhRSm"
          }
        ],
        "available_markets": [
          "AD",
          "AE",
          "AR",
          "AT",
          "AU",
          "BE",
          "BG",
          "BH",
          "BO",
          "BR",
          "CA",
          "CH",
          "CL",
          "CO",
          "CR",
          "CY",
          "CZ",
          "DE",
          "DK",
          "DO",
          "DZ",
          "EC",
          "EE",
          "EG",
          "ES",
          "FI",
          "FR",
          "GB",
          "GR",
          "GT",
          "HK",
          "HN",
          "HU",
          "ID",
          "IE",
          "IL",
          "IN",
          "IS",
          "IT",
          "JO",
          "JP",
          "KW",
          "LB",
          "LI",
          "LT",
          "LU",
          "LV",
          "MA",
          "MC",
          "MT",
          "MX",
          "MY",
          "NI",
          "NL",
          "NO",
          "NZ",
          "OM",
          "PA",
          "PE",
          "PH",
          "PL",
          "PS",
          "PT",
          "PY",
          "QA",
          "RO",
          "SA",
          "SE",
          "SG",
          "SK",
          "SV",
          "TH",
          "TN",
          "TR",
          "TW",
          "US",
          "UY",
          "VN",
          "ZA"
        ],
        "disc_number": 1,
        "duration_ms": 337733,
        "episode": false,
        "explicit": false,
        "external_ids": {
          "isrc": "USSM10109858"
        },
        "external_urls": {
          "spotify": "https://open.spotify.com/track/1Lhwn4PqeGpM4LTVUowW76"
        },
        "href": "https://api.spotify.com/v1/tracks/1Lhwn4PqeGpM4LTVUowW76",
        "id": "1Lhwn4PqeGpM4LTVUowW76",
        "is_local": false,
        "name": "You Rock My World",
        "popularity": 64,
        "preview_url": "https://p.scdn.co/mp3-preview/852e5ece9e2927bb141c02bce7b628694df7d482?cid=774b29d4f13844c495f206cafdad9c86",
        "track": true,
        "track_number": 6,
        "type": "track",
        "uri": "spotify:track:1Lhwn4PqeGpM4LTVUowW76"
      },
      "video_thumbnail": {
        "url": null
      }
    },
    {
      "added_at": "2020-06-11T11:32:49Z",
      "added_by": {
        "external_urls": {
          "spotify": "https://open.spotify.com/user/sxpicmeg7a1v2g6pe4gef0xhe"
        },
        "href": "https://api.spotify.com/v1/users/sxpicmeg7a1v2g6pe4gef0xhe",
        "id": "sxpicmeg7a1v2g6pe4gef0xhe",
        "type": "user",
        "uri": "spotify:user:sxpicmeg7a1v2g6pe4gef0xhe"
      },
      "is_local": false,
      "primary_color": null,
      "track": {
        "album": {
          "album_type": "album",
          "artists": [
            {
              "external_urls": {
                "spotify": "https://open.spotify.com/artist/3fMbdgg4jU18AjLCKBhRSm"
              },
              "href": "https://api.spotify.com/v1/artists/3fMbdgg4jU18AjLCKBhRSm",
              "id": "3fMbdgg4jU18AjLCKBhRSm",
              "name": "Michael Jackson",
              "type": "artist",
              "uri": "spotify:artist:3fMbdgg4jU18AjLCKBhRSm"
            }
          ],
          "available_markets": [
            "AD",
            "AE",
            "AR",
            "AT",
            "AU",
            "BE",
            "BG",
            "BH",
            "BO",
            "BR",
            "CA",
            "CH",
            "CL",
            "CO",
            "CR",
            "CY",
            "CZ",
            "DE",
            "DK",
            "DO",
            "DZ",
            "EC",
            "EE",
            "EG",
            "ES",
            "FI",
            "FR",
            "GB",
            "GR",
            "GT",
            "HK",
            "HN",
            "HU",
            "ID",
            "IE",
            "IL",
            "IN",
            "IS",
            "IT",
            "JO",
            "JP",
            "KW",
            "LB",
            "LI",
            "LT",
            "LU",
            "LV",
            "MA",
            "MC",
            "MT",
            "MX",
            "MY",
            "NI",
            "NL",
            "NO",
            "NZ",
            "OM",
            "PA",
            "PE",
            "PH",
            "PL",
            "PS",
            "PT",
            "PY",
            "QA",
            "RO",
            "SA",
            "SE",
            "SG",
            "SK",
            "SV",
            "TH",
            "TN",
            "TR",
            "TW",
            "US",
            "UY",
            "VN",
            "ZA"
          ],
          "external_urls": {
            "spotify": "https://open.spotify.com/album/52E4RP7XDzalpIrOgSTgiQ"
          },
          "href": "https://api.spotify.com/v1/albums/52E4RP7XDzalpIrOgSTgiQ",
          "id": "52E4RP7XDzalpIrOgSTgiQ",
          "images": [
            {
              "height": 640,
              "url": "https://i.scdn.co/image/ab67616d0000b273463de2351439f6532ff0dfbd",
              "width": 640
            },
            {
              "height": 300,
              "url": "https://i.scdn.co/image/ab67616d00001e02463de2351439f6532ff0dfbd",
              "width": 300
            },
            {
              "height": 64,
              "url": "https://i.scdn.co/image/ab67616d00004851463de2351439f6532ff0dfbd",
              "width": 64
            }
          ],
          "name": "Invincible",
          "release_date": "2001-10-29",
          "release_date_precision": "day",
          "total_tracks": 16,
          "type": "album",
          "uri": "spotify:album:52E4RP7XDzalpIrOgSTgiQ"
        },
        "artists": [
          {
            "external_urls": {
              "spotify": "https://open.spotify.com/artist/3fMbdgg4jU18AjLCKBhRSm"
            },
            "href": "https://api.spotify.com/v1/artists/3fMbdgg4jU18AjLCKBhRSm",
            "id": "3fMbdgg4jU18AjLCKBhRSm",
            "name": "Michael Jackson",
            "type": "artist",
            "uri": "spotify:artist:3fMbdgg4jU18AjLCKBhRSm"
          }
        ],
        "available_markets": [
          "AD",
          "AE",
          "AR",
          "AT",
          "AU",
          "BE",
          "BG",
          "BH",
          "BO",
          "BR",
          "CA",
          "CH",
          "CL",
          "CO",
          "CR",
          "CY",
          "CZ",
          "DE",
          "DK",
          "DO",
          "DZ",
          "EC",
          "EE",
          "EG",
          "ES",
          "FI",
          "FR",
          "GB",
          "GR",
          "GT",
          "HK",
          "HN",
          "HU",
          "ID",
          "IE",
          "IL",
          "IN",
          "IS",
          "IT",
          "JO",
          "JP",
          "KW",
          "LB",
          "LI",
          "LT",
          "LU",
          "LV",
          "MA",
          "MC",
          "MT",
          "MX",
          "MY",
          "NI",
          "NL",
          "NO",
          "NZ",
          "OM",
          "PA",
          "PE",
          "PH",
          "PL",
          "PS",
          "PT",
          "PY",
          "QA",
          "RO",
          "SA",
          "SE",
          "SG",
          "SK",
          "SV",
          "TH",
          "TN",
          "TR",
          "TW",
          "US",
          "UY",
          "VN",
          "ZA"
        ],
        "disc_number": 1,
        "duration_ms": 198373,
        "episode": false,
        "explicit": false,
        "external_ids": {
          "isrc": "USSM10110476"
        },
        "external_urls": {
          "spotify": "https://open.spotify.com/track/1O1LkHTi3Lep9OHE8BvOVe"
        },
        "href": "https://api.spotify.com/v1/tracks/1O1LkHTi3Lep9OHE8BvOVe",
        "id": "1O1LkHTi3Lep9OHE8BvOVe",
        "is_local": false,
        "name": "Speechless",
        "popularity": 45,
        "preview_url": "https://p.scdn.co/mp3-preview/6a4f593caa48c85f7206fa00b8af76d0107adc12?cid=774b29d4f13844c495f206cafdad9c86",
        "track": true,
        "track_number": 8,
        "type": "track",
        "uri": "spotify:track:1O1LkHTi3Lep9OHE8BvOVe"
      },
      "video_thumbnail": {
        "url": null
      }
    },
    {
      "added_at": "2020-06-11T11:37:54Z",
      "added_by": {
        "external_urls": {
          "spotify": "https://open.spotify.com/user/sxpicmeg7a1v2g6pe4gef0xhe"
        },
        "href": "https://api.spotify.com/v1/users/sxpicmeg7a1v2g6pe4gef0xhe",
        "id": "sxpicmeg7a1v2g6pe4gef0xhe",
        "type": "user",
        "uri": "spotify:user:sxpicmeg7a1v2g6pe4gef0xhe"
      },
      "is_local": false,
      "primary_color": null,
      "track": {
        "album": {
          "album_type": "album",
          "artists": [
            {
              "external_urls": {
                "spotify": "https://open.spotify.com/artist/3fMbdgg4jU18AjLCKBhRSm"
              },
              "href": "https://api.spotify.com/v1/artists/3fMbdgg4jU18AjLCKBhRSm",
              "id": "3fMbdgg4jU18AjLCKBhRSm",
              "name": "Michael Jackson",
              "type": "artist",
              "uri": "spotify:artist:3fMbdgg4jU18AjLCKBhRSm"
            }
          ],
          "available_markets": [
            "AD",
            "AE",
            "AR",
            "AT",
            "AU",
            "BE",
            "BG",
            "BH",
            "BO",
            "BR",
            "CA",
            "CH",
            "CL",
            "CO",
            "CR",
            "CY",
            "CZ",
            "DE",
            "DK",
            "DO",
            "DZ",
            "EC",
            "EE",
            "EG",
            "ES",
            "FI",
            "FR",
            "GB",
            "GR",
            "GT",
            "HK",
            "HN",
            "HU",
            "ID",
            "IE",
            "IL",
            "IN",
            "IS",
            "IT",
            "JO",
            "JP",
            "KW",
            "LB",
            "LI",
            "LT",
            "LU",
            "LV",
            "MA",
            "MC",
            "MT",
            "MX",
            "MY",
            "NI",
            "NL",
            "NO",
            "NZ",
            "OM",
            "PA",
            "PE",
            "PH",
            "PL",
            "PS",
            "PT",
            "PY",
            "QA",
            "RO",
            "SA",
            "SE",
            "SG",
            "SK",
            "SV",
            "TH",
            "TN",
            "TR",
            "TW",
            "US",
            "UY",
            "VN",
            "ZA"
          ],
          "external_urls": {
            "spotify": "https://open.spotify.com/album/0yYWeLqonFk11pmb0RiMbP"
          },
          "href": "https://api.spotify.com/v1/albums/0yYWeLqonFk11pmb0RiMbP",
          "id": "0yYWeLqonFk11pmb0RiMbP",
          "images": [
            {
              "height": 640,
              "url": "https://i.scdn.co/image/ab67616d0000b2733c23198a658bd9313295d243",
              "width": 640
            },
            {
              "height": 300,
              "url": "https://i.scdn.co/image/ab67616d00001e023c23198a658bd9313295d243",
              "width": 300
            },
            {
              "height": 64,
              "url": "https://i.scdn.co/image/ab67616d000048513c23198a658bd9313295d243",
              "width": 64
            }
          ],
          "name": "Michael",
          "release_date": "2010-12-14",
          "release_date_precision": "day",
          "total_tracks": 10,
          "type": "album",
          "uri": "spotify:album:0yYWeLqonFk11pmb0RiMbP"
        },
        "artists": [
          {
            "external_urls": {
              "spotify": "https://open.spotify.com/artist/3fMbdgg4jU18AjLCKBhRSm"
            },
            "href": "https://api.spotify.com/v1/artists/3fMbdgg4jU18AjLCKBhRSm",
            "id": "3fMbdgg4jU18AjLCKBhRSm",
            "name": "Michael Jackson",
            "type": "artist",
            "uri": "spotify:artist:3fMbdgg4jU18AjLCKBhRSm"
          },
          {
            "external_urls": {
              "spotify": "https://open.spotify.com/artist/0z4gvV4rjIZ9wHck67ucSV"
            },
            "href": "https://api.spotify.com/v1/artists/0z4gvV4rjIZ9wHck67ucSV",
            "id": "0z4gvV4rjIZ9wHck67ucSV",
            "name": "Akon",
            "type": "artist",
            "uri": "spotify:artist:0z4gvV4rjIZ9wHck67ucSV"
          }
        ],
        "available_markets": [
          "AD",
          "AE",
          "AR",
          "AT",
          "AU",
          "BE",
          "BG",
          "BH",
          "BO",
          "BR",
          "CA",
          "CH",
          "CL",
          "CO",
          "CR",
          "CY",
          "CZ",
          "DE",
          "DK",
          "DO",
          "DZ",
          "EC",
          "EE",
          "EG",
          "ES",
          "FI",
          "FR",
          "GB",
          "GR",
          "GT",
          "HK",
          "HN",
          "HU",
          "ID",
          "IE",
          "IL",
          "IN",
          "IS",
          "IT",
          "JO",
          "JP",
          "KW",
          "LB",
          "LI",
          "LT",
          "LU",
          "LV",
          "MA",
          "MC",
          "MT",
          "MX",
          "MY",
          "NI",
          "NL",
          "NO",
          "NZ",
          "OM",
          "PA",
          "PE",
          "PH",
          "PL",
          "PS",
          "PT",
          "PY",
          "QA",
          "RO",
          "SA",
          "SE",
          "SG",
          "SK",
          "SV",
          "TH",
          "TN",
          "TR",
          "TW",
          "US",
          "UY",
          "VN",
          "ZA"
        ],
        "disc_number": 1,
        "duration_ms": 212226,
        "episode": false,
        "explicit": false,
        "external_ids": {
          "isrc": "USSM11004243"
        },
        "external_urls": {
          "spotify": "https://open.spotify.com/track/0pCyoA5o2uxUwIovECCziF"
        },
        "href": "https://api.spotify.com/v1/tracks/0pCyoA5o2uxUwIovECCziF",
        "id": "0pCyoA5o2uxUwIovECCziF",
        "is_local": false,
        "name": "Hold My Hand (with Akon)",
        "popularity": 61,
        "preview_url": "https://p.scdn.co/mp3-preview/6966f67550733f8af9eb05e3e57ab24c21d29cd4?cid=774b29d4f13844c495f206cafdad9c86",
        "track": true,
        "track_number": 1,
        "type": "track",
        "uri": "spotify:track:0pCyoA5o2uxUwIovECCziF"
      },
      "video_thumbnail": {
        "url": null
      }
    },
    {
      "added_at": "2020-06-11T11:41:36Z",
      "added_by": {
        "external_urls": {
          "spotify": "https://open.spotify.com/user/sxpicmeg7a1v2g6pe4gef0xhe"
        },
        "href": "https://api.spotify.com/v1/users/sxpicmeg7a1v2g6pe4gef0xhe",
        "id": "sxpicmeg7a1v2g6pe4gef0xhe",
        "type": "user",
        "uri": "spotify:user:sxpicmeg7a1v2g6pe4gef0xhe"
      },
      "is_local": false,
      "primary_color": null,
      "track": {
        "album": {
          "album_type": "album",
          "artists": [
            {
              "external_urls": {
                "spotify": "https://open.spotify.com/artist/3fMbdgg4jU18AjLCKBhRSm"
              },
              "href": "https://api.spotify.com/v1/artists/3fMbdgg4jU18AjLCKBhRSm",
              "id": "3fMbdgg4jU18AjLCKBhRSm",
              "name": "Michael Jackson",
              "type": "artist",
              "uri": "spotify:artist:3fMbdgg4jU18AjLCKBhRSm"
            }
          ],
          "available_markets": [
            "AD",
            "AE",
            "AR",
            "AT",
            "AU",
            "BE",
            "BG",
            "BH",
            "BO",
            "BR",
            "CA",
            "CH",
            "CL",
            "CO",
            "CR",
            "CY",
            "CZ",
            "DE",
            "DK",
            "DO",
            "DZ",
            "EC",
            "EE",
            "EG",
            "ES",
            "FI",
            "FR",
            "GB",
            "GR",
            "GT",
            "HK",
            "HN",
            "HU",
            "ID",
            "IE",
            "IL",
            "IN",
            "IS",
            "IT",
            "JO",
            "JP",
            "KW",
            "LB",
            "LI",
            "LT",
            "LU",
            "LV",
            "MA",
            "MC",
            "MT",
            "MX",
            "MY",
            "NI",
            "NL",
            "NO",
            "NZ",
            "OM",
            "PA",
            "PE",
            "PH",
            "PL",
            "PS",
            "PT",
            "PY",
            "QA",
            "RO",
            "SA",
            "SE",
            "SG",
            "SK",
            "SV",
            "TH",
            "TN",
            "TR",
            "TW",
            "US",
            "UY",
            "VN",
            "ZA"
          ],
          "external_urls": {
            "spotify": "https://open.spotify.com/album/24TAupSNVWSAHL0R7n71vm"
          },
          "href": "https://api.spotify.com/v1/albums/24TAupSNVWSAHL0R7n71vm",
          "id": "24TAupSNVWSAHL0R7n71vm",
          "images": [
            {
              "height": 640,
              "url": "https://i.scdn.co/image/ab67616d0000b2731bb21d27effb96a1d0fe8d6d",
              "width": 640
            },
            {
              "height": 300,
              "url": "https://i.scdn.co/image/ab67616d00001e021bb21d27effb96a1d0fe8d6d",
              "width": 300
            },
            {
              "height": 64,
              "url": "https://i.scdn.co/image/ab67616d000048511bb21d27effb96a1d0fe8d6d",
              "width": 64
            }
          ],
          "name": "Bad 25th Anniversary",
          "release_date": "1987-08-31",
          "release_date_precision": "day",
          "total_tracks": 24,
          "type": "album",
          "uri": "spotify:album:24TAupSNVWSAHL0R7n71vm"
        },
        "artists": [
          {
            "external_urls": {
              "spotify": "https://open.spotify.com/artist/3fMbdgg4jU18AjLCKBhRSm"
            },
            "href": "https://api.spotify.com/v1/artists/3fMbdgg4jU18AjLCKBhRSm",
            "id": "3fMbdgg4jU18AjLCKBhRSm",
            "name": "Michael Jackson",
            "type": "artist",
            "uri": "spotify:artist:3fMbdgg4jU18AjLCKBhRSm"
          }
        ],
        "available_markets": [
          "AD",
          "AE",
          "AR",
          "AT",
          "AU",
          "BE",
          "BG",
          "BH",
          "BO",
          "BR",
          "CA",
          "CH",
          "CL",
          "CO",
          "CR",
          "CY",
          "CZ",
          "DE",
          "DK",
          "DO",
          "DZ",
          "EC",
          "EE",
          "EG",
          "ES",
          "FI",
          "FR",
          "GB",
          "GR",
          "GT",
          "HK",
          "HN",
          "HU",
          "ID",
          "IE",
          "IL",
          "IN",
          "IS",
          "IT",
          "JO",
          "JP",
          "KW",
          "LB",
          "LI",
          "LT",
          "LU",
          "LV",
          "MA",
          "MC",
          "MT",
          "MX",
          "MY",
          "NI",
          "NL",
          "NO",
          "NZ",
          "OM",
          "PA",
          "PE",
          "PH",
          "PL",
          "PS",
          "PT",
          "PY",
          "QA",
          "RO",
          "SA",
          "SE",
          "SG",
          "SK",
          "SV",
          "TH",
          "TN",
          "TR",
          "TW",
          "US",
          "UY",
          "VN",
          "ZA"
        ],
        "disc_number": 1,
        "duration_ms": 232800,
        "episode": false,
        "explicit": false,
        "external_ids": {
          "isrc": "USSM11204983"
        },
        "external_urls": {
          "spotify": "https://open.spotify.com/track/5OoRmdDfAiDztSwrhe7wuE"
        },
        "href": "https://api.spotify.com/v1/tracks/5OoRmdDfAiDztSwrhe7wuE",
        "id": "5OoRmdDfAiDztSwrhe7wuE",
        "is_local": false,
        "name": "Liberian Girl - 2012 Remastered Version",
        "popularity": 60,
        "preview_url": "https://p.scdn.co/mp3-preview/2184e79bfa5caa1869dc5d3cb04f3904edd6b852?cid=774b29d4f13844c495f206cafdad9c86",
        "track": true,
        "track_number": 4,
        "type": "track",
        "uri": "spotify:track:5OoRmdDfAiDztSwrhe7wuE"
      },
      "video_thumbnail": {
        "url": null
      }
    },
    {
      "added_at": "2020-06-11T11:44:10Z",
      "added_by": {
        "external_urls": {
          "spotify": "https://open.spotify.com/user/sxpicmeg7a1v2g6pe4gef0xhe"
        },
        "href": "https://api.spotify.com/v1/users/sxpicmeg7a1v2g6pe4gef0xhe",
        "id": "sxpicmeg7a1v2g6pe4gef0xhe",
        "type": "user",
        "uri": "spotify:user:sxpicmeg7a1v2g6pe4gef0xhe"
      },
      "is_local": false,
      "primary_color": null,
      "track": {
        "album": {
          "album_type": "album",
          "artists": [
            {
              "external_urls": {
                "spotify": "https://open.spotify.com/artist/3fMbdgg4jU18AjLCKBhRSm"
              },
              "href": "https://api.spotify.com/v1/artists/3fMbdgg4jU18AjLCKBhRSm",
              "id": "3fMbdgg4jU18AjLCKBhRSm",
              "name": "Michael Jackson",
              "type": "artist",
              "uri": "spotify:artist:3fMbdgg4jU18AjLCKBhRSm"
            }
          ],
          "available_markets": [
            "AD",
            "AE",
            "AR",
            "AT",
            "AU",
            "BG",
            "BH",
            "BO",
            "BR",
            "CA",
            "CH",
            "CL",
            "CO",
            "CR",
            "CY",
            "CZ",
            "DE",
            "DK",
            "DO",
            "DZ",
            "EC",
            "EE",
            "EG",
            "ES",
            "FI",
            "FR",
            "GB",
            "GR",
            "GT",
            "HK",
            "HN",
            "HU",
            "ID",
            "IE",
            "IL",
            "IN",
            "IS",
            "IT",
            "JO",
            "JP",
            "KW",
            "LB",
            "LI",
            "LT",
            "LV",
            "MA",
            "MC",
            "MT",
            "MX",
            "MY",
            "NI",
            "NL",
            "NO",
            "NZ",
            "OM",
            "PA",
            "PE",
            "PH",
            "PL",
            "PS",
            "PT",
            "PY",
            "QA",
            "RO",
            "SA",
            "SE",
            "SG",
            "SK",
            "SV",
            "TH",
            "TN",
            "TR",
            "TW",
            "US",
            "UY",
            "VN",
            "ZA"
          ],
          "external_urls": {
            "spotify": "https://open.spotify.com/album/3OBhnTLrvkoEEETjFA3Qfk"
          },
          "href": "https://api.spotify.com/v1/albums/3OBhnTLrvkoEEETjFA3Qfk",
          "id": "3OBhnTLrvkoEEETjFA3Qfk",
          "images": [
            {
              "height": 640,
              "url": "https://i.scdn.co/image/ab67616d0000b273d0593178c6c2594693ee34b7",
              "width": 640
            },
            {
              "height": 300,
              "url": "https://i.scdn.co/image/ab67616d00001e02d0593178c6c2594693ee34b7",
              "width": 300
            },
            {
              "height": 64,
              "url": "https://i.scdn.co/image/ab67616d00004851d0593178c6c2594693ee34b7",
              "width": 64
            }
          ],
          "name": "HIStory - PAST, PRESENT AND FUTURE - BOOK I",
          "release_date": "1995-06-16",
          "release_date_precision": "day",
          "total_tracks": 30,
          "type": "album",
          "uri": "spotify:album:3OBhnTLrvkoEEETjFA3Qfk"
        },
        "artists": [
          {
            "external_urls": {
              "spotify": "https://open.spotify.com/artist/3fMbdgg4jU18AjLCKBhRSm"
            },
            "href": "https://api.spotify.com/v1/artists/3fMbdgg4jU18AjLCKBhRSm",
            "id": "3fMbdgg4jU18AjLCKBhRSm",
            "name": "Michael Jackson",
            "type": "artist",
            "uri": "spotify:artist:3fMbdgg4jU18AjLCKBhRSm"
          }
        ],
        "available_markets": [
          "AD",
          "AE",
          "AR",
          "AT",
          "AU",
          "BG",
          "BH",
          "BO",
          "BR",
          "CA",
          "CH",
          "CL",
          "CO",
          "CR",
          "CY",
          "CZ",
          "DE",
          "DK",
          "DO",
          "DZ",
          "EC",
          "EE",
          "EG",
          "ES",
          "FI",
          "FR",
          "GB",
          "GR",
          "GT",
          "HK",
          "HN",
          "HU",
          "ID",
          "IE",
          "IL",
          "IN",
          "IS",
          "IT",
          "JO",
          "JP",
          "KW",
          "LB",
          "LI",
          "LT",
          "LV",
          "MA",
          "MC",
          "MT",
          "MX",
          "MY",
          "NI",
          "NL",
          "NO",
          "NZ",
          "OM",
          "PA",
          "PE",
          "PH",
          "PL",
          "PS",
          "PT",
          "PY",
          "QA",
          "RO",
          "SA",
          "SE",
          "SG",
          "SK",
          "SV",
          "TH",
          "TN",
          "TR",
          "TW",
          "US",
          "UY",
          "VN",
          "ZA"
        ],
        "disc_number": 2,
        "duration_ms": 284160,
        "episode": false,
        "explicit": false,
        "external_ids": {
          "isrc": "USSM19500629"
        },
        "external_urls": {
          "spotify": "https://open.spotify.com/track/3wuCCNCnBhJlwkIJTBZFiv"
        },
        "href": "https://api.spotify.com/v1/tracks/3wuCCNCnBhJlwkIJTBZFiv",
        "id": "3wuCCNCnBhJlwkIJTBZFiv",
        "is_local": false,
        "name": "They Don't Care About Us",
        "popularity": 71,
        "preview_url": "https://p.scdn.co/mp3-preview/b8ce84078aa19478da4283c37741e15d8858639c?cid=774b29d4f13844c495f206cafdad9c86",
        "track": true,
        "track_number": 2,
        "type": "track",
        "uri": "spotify:track:3wuCCNCnBhJlwkIJTBZFiv"
      },
      "video_thumbnail": {
        "url": null
      }
    }
  ],
  "limit": 100,
  "next": null,
  "offset": 0,
  "previous": null,
  "total": 6
}