{
  "href": "https://api.spotify.com/v1/playlists/0GGWjVHDUhjjkOXkwpu7JP/tracks?offset=0&limit=100",
  "items": [
    {
      "added_at": "2020-06-11T12:40:50Z",
      "added_by": {
        "external_urls": {
          "spotify": "https://open.spotify.com/user/sxpicmeg7a1v2g6pe4gef0xhe"
        },
        "href": "https://api.spotify.com/v1/users/sxpicmeg7a1v2g6pe4gef0xhe",
        "id": "sxpicmeg7a1v2g6pe4gef0xhe",
        "type": "user",
        "uri": "spotify:user:sxpicmeg7a1v2g6pe4gef0xhe"
      },
      "is_local": false,
      "primary_color": null,
      "track": {
        "album": {
          "album_type": "single",
          "artists": [
            {
              "external_urls": {
                "spotify": "https://open.spotify.com/artist/1XavfPKBpNjkOfxHINlMHF"
              },
              "href": "https://api.spotify.com/v1/artists/1XavfPKBpNjkOfxHINlMHF",
              "id": "1XavfPKBpNjkOfxHINlMHF",
              "name": "Joeboy",
              "type": "artist",
              "uri": "spotify:artist:1XavfPKBpNjkOfxHINlMHF"
            }
          ],
          "available_markets": [],
          "external_urls": {
            "spotify": "https://open.spotify.com/album/4OubtTW4tjWNx7jrEAGKHz"
          },
          "href": "https://api.spotify.com/v1/albums/4OubtTW4tjWNx7jrEAGKHz",
          "id": "4OubtTW4tjWNx7jrEAGKHz",
          "images": [
            {
              "height": 640,
              "url": "https://i.scdn.co/image/ab67616d0000b2732d671e8489d8d0e3e5ba6c8b",
              "width": 640
            },
            {
              "height": 300,
              "url": "https://i.scdn.co/image/ab67616d00001e022d671e8489d8d0e3e5ba6c8b",
              "width": 300
            },
            {
              "height": 64,
              "url": "https://i.scdn.co/image/ab67616d000048512d671e8489d8d0e3e5ba6c8b",
              "width": 64
            }
          ],
          "name": "Baby",
          "release_date": "2019-03-01",
          "release_date_precision": "day",
          "total_tracks": 1,
          "type": "album",
          "uri": "spotify:album:4OubtTW4tjWNx7jrEAGKHz"
        },
        "artists": [
          {
            "external_urls": {
              "spotify": "https://open.spotify.com/artist/1XavfPKBpNjkOfxHINlMHF"
            },
            "href": "https://api.spotify.com/v1/artists/1XavfPKBpNjkOfxHINlMHF",
            "id": "1XavfPKBpNjkOfxHINlMHF",
            "name": "Joeboy",
            "type": "artist",
            "uri": "spotify:artist:1XavfPKBpNjkOfxHINlMHF"
          }
        ],
        "available_markets": [],
        "disc_number": 1,
        "duration_ms": 165448,
        "episode": false,
        "explicit": false,
        "external_ids": {
          "isrc": "GBKPL1937768"
        },
        "external_urls": {
          "spotify": "https://open.spotify.com/track/02KGBPy9mVdvo4dPXxt3h5"
        },
        "href": "https://api.spotify.com/v1/tracks/02KGBPy9mVdvo4dPXxt3h5",
        "id": "02KGBPy9mVdvo4dPXxt3h5",
        "is_local": false,
        "name": "Baby",
        "popularity": 48,
        "preview_url": null,
        "track": true,
        "track_number": 1,
        "type": "track",
        "uri": "spotify:track:02KGBPy9mVdvo4dPXxt3h5"
      },
      "video_thumbnail": {
        "url": null
      }
    },
    {
      "added_at": "2020-06-11T12:41:05Z",
      "added_by": {
        "external_urls": {
          "spotify": "https://open.spotify.com/user/sxpicmeg7a1v2g6pe4gef0xhe"
        },
        "href": "https://api.spotify.com/v1/users/sxpicmeg7a1v2g6pe4gef0xhe",
        "id": "sxpicmeg7a1v2g6pe4gef0xhe",
        "type": "user",
        "uri": "spotify:user:sxpicmeg7a1v2g6pe4gef0xhe"
      },
      "is_local": false,
      "primary_color": null,
      "track": {
        "album": {
          "album_type": "single",
          "artists": [
            {
              "external_urls": {
                "spotify": "https://open.spotify.com/artist/75VKfyoBlkmrJFDqo1o2VY"
              },
              "href": "https://api.spotify.com/v1/artists/75VKfyoBlkmrJFDqo1o2VY",
              "id": "75VKfyoBlkmrJFDqo1o2VY",
              "name": "Fireboy DML",
              "type": "artist",
              "uri": "spotify:artist:75VKfyoBlkmrJFDqo1o2VY"
            }
          ],
          "available_markets": [
            "AD",
            "AE",
            "AR",
            "AT",
            "AU",
            "BE",
            "BG",
            "BH",
            "BO",
            "BR",
            "CA",
            "CH",
            "CL",
            "CO",
            "CR",
            "CY",
            "CZ",
            "DE",
            "DK",
            "DO",
            "DZ",
            "EC",
            "EE",
            "EG",
            "ES",
            "FI",
            "FR",
            "GB",
            "GR",
            "GT",
            "HK",
            "HN",
            "HU",
            "ID",
            "IE",
            "IL",
            "IN",
            "IS",
            "IT",
            "JO",
            "JP",
            "KW",
            "LB",
            "LI",
            "LT",
            "LU",
            "LV",
            "MA",
            "MC",
            "MT",
            "MX",
            "MY",
            "NI",
            "NL",
            "NO",
            "NZ",
            "OM",
            "PA",
            "PE",
            "PH",
            "PL",
            "PS",
            "PT",
            "PY",
            "QA",
            "RO",
            "SA",
            "SE",
            "SG",
            "SK",
            "SV",
            "TH",
            "TN",
            "TR",
            "TW",
            "US",
            "UY",
            "VN",
            "ZA"
          ],
          "external_urls": {
            "spotify": "https://open.spotify.com/album/1WWLTRUn5Ue7Br54tRgrrg"
          },
          "href": "https://api.spotify.com/v1/albums/1WWLTRUn5Ue7Br54tRgrrg",
          "id": "1WWLTRUn5Ue7Br54tRgrrg",
          "images": [
            {
              "height": 640,
              "url": "https://i.scdn.co/image/ab67616d0000b273d6407283bdd0b3189133a9cc",
              "width": 640
            },
            {
              "height": 300,
              "url": "https://i.scdn.co/image/ab67616d00001e02d6407283bdd0b3189133a9cc",
              "width": 300
            },
            {
              "height": 64,
              "url": "https://i.scdn.co/image/ab67616d00004851d6407283bdd0b3189133a9cc",
              "width": 64
            }
          ],
          "name": "Jealous",
          "release_date": "2019-03-25",
          "release_date_precision": "day",
          "total_tracks": 1,
          "type": "album",
          "uri": "spotify:album:1WWLTRUn5Ue7Br54tRgrrg"
        },
        "artists": [
          {
            "external_urls": {
              "spotify": "https://open.spotify.com/artist/75VKfyoBlkmrJFDqo1o2VY"
            },
            "href": "https://api.spotify.com/v1/artists/75VKfyoBlkmrJFDqo1o2VY",
            "id": "75VKfyoBlkmrJFDqo1o2VY",
            "name": "Fireboy DML",
            "type": "artist",
            "uri": "spotify:artist:75VKfyoBlkmrJFDqo1o2VY"
          }
        ],
        "available_markets": [
          "AD",
          "AE",
          "AR",
          "AT",
          "AU",
          "BE",
          "BG",
          "BH",
          "BO",
          "BR",
          "CA",
          "CH",
          "CL",
          "CO",
          "CR",
          "CY",
          "CZ",
          "DE",
          "DK",
          "DO",
          "DZ",
          "EC",
          "EE",
          "EG",
          "ES",
          "FI",
          "FR",
          "GB",
          "GR",
          "GT",
          "HK",
          "HN",
          "HU",
          "ID",
          "IE",
          "IL",
          "IN",
          "IS",
          "IT",
          "JO",
          "JP",
          "KW",
          "LB",
          "LI",
          "LT",
          "LU",
          "LV",
          "MA",
          "MC",
          "MT",
          "MX",
          "MY",
          "NI",
          "NL",
          "NO",
          "NZ",
          "OM",
          "PA",
          "PE",
          "PH",
          "PL",
          "PS",
          "PT",
          "PY",
          "QA",
          "RO",
          "SA",
          "SE",
          "SG",
          "SK",
          "SV",
          "TH",
          "TN",
          "TR",
          "TW",
          "US",
          "UY",
          "VN",
          "ZA"
        ],
        "disc_number": 1,
        "duration_ms": 216667,
        "episode": false,
        "explicit": false,
        "external_ids": {
          "isrc": "USUYG1246730"
        },
        "external_urls": {
          "spotify": "https://open.spotify.com/track/07rmJZVpXdsSfjOl4VmmFf"
        },
        "href": "https://api.spotify.com/v1/tracks/07rmJZVpXdsSfjOl4VmmFf",
        "id": "07rmJZVpXdsSfjOl4VmmFf",
        "is_local": false,
        "name": "Jealous",
        "popularity": 49,
        "preview_url": "https://p.scdn.co/mp3-preview/5cf4f4c97b480ebb23851ad7a8490d66e4e77326?cid=774b29d4f13844c495f206cafdad9c86",
        "track": true,
        "track_number": 1,
        "type": "track",
        "uri": "spotify:track:07rmJZVpXdsSfjOl4VmmFf"
      },
      "video_thumbnail": {
        "url": null
      }
    },
    {
      "added_at": "2020-06-11T12:41:20Z",
      "added_by": {
        "external_urls": {
          "spotify": "https://open.spotify.com/user/sxpicmeg7a1v2g6pe4gef0xhe"
        },
        "href": "https://api.spotify.com/v1/users/sxpicmeg7a1v2g6pe4gef0xhe",
        "id": "sxpicmeg7a1v2g6pe4gef0xhe",
        "type": "user",
        "uri": "spotify:user:sxpicmeg7a1v2g6pe4gef0xhe"
      },
      "is_local": false,
      "primary_color": null,
      "track": {
        "album": {
          "album_type": "album",
          "artists": [
            {
              "external_urls": {
                "spotify": "https://open.spotify.com/artist/6vWDO969PvNqNYHIOW5v0m"
              },
              "href": "https://api.spotify.com/v1/artists/6vWDO969PvNqNYHIOW5v0m",
              "id": "6vWDO969PvNqNYHIOW5v0m",
              "name": "Beyoncé",
              "type": "artist",
              "uri": "spotify:artist:6vWDO969PvNqNYHIOW5v0m"
            }
          ],
          "available_markets": [
            "AD",
            "AE",
            "AR",
            "AT",
            "AU",
            "BE",
            "BG",
            "BH",
            "BO",
            "BR",
            "CA",
            "CH",
            "CL",
            "CO",
            "CR",
            "CY",
            "CZ",
            "DE",
            "DK",
            "DO",
            "DZ",
            "EC",
            "EE",
            "EG",
            "ES",
            "FI",
            "FR",
            "GB",
            "GR",
            "GT",
            "HK",
            "HN",
            "HU",
            "ID",
            "IE",
            "IL",
            "IN",
            "IS",
            "IT",
            "JO",
            "JP",
            "KW",
            "LB",
            "LI",
            "LT",
            "LU",
            "LV",
            "MA",
            "MC",
            "MT",
            "MX",
            "MY",
            "NI",
            "NL",
            "NO",
            "NZ",
            "OM",
            "PA",
            "PE",
            "PH",
            "PL",
            "PS",
            "PT",
            "PY",
            "QA",
            "RO",
            "SA",
            "SE",
            "SG",
            "SK",
            "SV",
            "TH",
            "TN",
            "TR",
            "TW",
            "US",
            "UY",
            "VN",
            "ZA"
          ],
          "external_urls": {
            "spotify": "https://open.spotify.com/album/552zi1M53PQAX5OH4FIdTx"
          },
          "href": "https://api.spotify.com/v1/albums/552zi1M53PQAX5OH4FIdTx",
          "id": "552zi1M53PQAX5OH4FIdTx",
          "images": [
            {
              "height": 640,
              "url": "https://i.scdn.co/image/ab67616d0000b2734ccc03169b086af698178a99",
              "width": 640
            },
            {
              "height": 300,
              "url": "https://i.scdn.co/image/ab67616d00001e024ccc03169b086af698178a99",
              "width": 300
            },
            {
              "height": 64,
              "url": "https://i.scdn.co/image/ab67616d000048514ccc03169b086af698178a99",
              "width": 64
            }
          ],
          "name": "The Lion King: The Gift",
          "release_date": "2019-07-19",
          "release_date_precision": "day",
          "total_tracks": 27,
          "type": "album",
          "uri": "spotify:album:552zi1M53PQAX5OH4FIdTx"
        },
        "artists": [
          {
            "external_urls": {
              "spotify": "https://open.spotify.com/artist/6vWDO969PvNqNYHIOW5v0m"
            },
            "href": "https://api.spotify.com/v1/artists/6vWDO969PvNqNYHIOW5v0m",
            "id": "6vWDO969PvNqNYHIOW5v0m",
            "name": "Beyoncé",
            "type": "artist",
            "uri": "spotify:artist:6vWDO969PvNqNYHIOW5v0m"
          },
          {
            "external_urls": {
              "spotify": "https://open.spotify.com/artist/42q0rYXtR561ypg1Fcw1PI"
            },
            "href": "https://api.spotify.com/v1/artists/42q0rYXtR561ypg1Fcw1PI",
            "id": "42q0rYXtR561ypg1Fcw1PI",
            "name": "Shatta Wale",
            "type": "artist",
            "uri": "spotify:artist:42q0rYXtR561ypg1Fcw1PI"
          },
          {
            "external_urls": {
              "spotify": "https://open.spotify.com/artist/738wLrAtLtCtFOLvQBXOXp"
            },
            "href": "https://api.spotify.com/v1/artists/738wLrAtLtCtFOLvQBXOXp",
            "id": "738wLrAtLtCtFOLvQBXOXp",
            "name": "Major Lazer",
            "type": "artist",
            "uri": "spotify:artist:738wLrAtLtCtFOLvQBXOXp"
          }
        ],
        "available_markets": [
          "AD",
          "AE",
          "AR",
          "AT",
          "AU",
          "BE",
          "BG",
          "BH",
          "BO",
          "BR",
          "CA",
          "CH",
          "CL",
          "CO",
          "CR",
          "CY",
          "CZ",
          "DE",
          "DK",
          "DO",
          "DZ",
          "EC",
          "EE",
          "EG",
          "ES",
          "FI",
          "FR",
          "GB",
          "GR",
          "GT",
          "HK",
          "HN",
          "HU",
          "ID",
          "IE",
          "IL",
          "IN",
          "IS",
          "IT",
          "JO",
          "JP",
          "KW",
          "LB",
          "LI",
          "LT",
          "LU",
          "LV",
          "MA",
          "MC",
          "MT",
          "MX",
          "MY",
          "NI",
          "NL",
          "NO",
          "NZ",
          "OM",
          "PA",
          "PE",
          "PH",
          "PL",
          "PS",
          "PT",
          "PY",
          "QA",
          "RO",
          "SA",
          "SE",
          "SG",
          "SK",
          "SV",
          "TH",
          "TN",
          "TR",
          "TW",
          "US",
          "UY",
          "VN",
          "ZA"
        ],
        "disc_number": 1,
        "duration_ms": 222529,
        "episode": false,
        "explicit": false,
        "external_ids": {
          "isrc": "USSM11904704"
        },
        "external_urls": {
          "spotify": "https://open.spotify.com/track/6tgEc2O1uFHcZDKPoo6PC8"
        },
        "href": "https://api.spotify.com/v1/tracks/6tgEc2O1uFHcZDKPoo6PC8",
        "id": "6tgEc2O1uFHcZDKPoo6PC8",
        "is_local": false,
        "name": "ALREADY",
        "popularity": 68,
        "preview_url": "https://p.scdn.co/mp3-preview/6e8bef4d9afb67163e187822d7f872364963f949?cid=774b29d4f13844c495f206cafdad9c86",
        "track": true,
        "track_number": 19,
        "type": "track",
        "uri": "spotify:track:6tgEc2O1uFHcZDKPoo6PC8"
      },
      "video_thumbnail": {
        "url": null
      }
    },
    {
      "added_at": "2020-06-11T12:41:38Z",
      "added_by": {
        "external_urls": {
          "spotify": "https://open.spotify.com/user/sxpicmeg7a1v2g6pe4gef0xhe"
        },
        "href": "https://api.spotify.com/v1/users/sxpicmeg7a1v2g6pe4gef0xhe",
        "id": "sxpicmeg7a1v2g6pe4gef0xhe",
        "type": "user",
        "uri": "spotify:user:sxpicmeg7a1v2g6pe4gef0xhe"
      },
      "is_local": false,
      "primary_color": null,
      "track": {
        "album": {
          "album_type": "album",
          "artists": [
            {
              "external_urls": {
                "spotify": "https://open.spotify.com/artist/3wcj11K77LjEY1PkEazffa"
              },
              "href": "https://api.spotify.com/v1/artists/3wcj11K77LjEY1PkEazffa",
              "id": "3wcj11K77LjEY1PkEazffa",
              "name": "Burna Boy",
              "type": "artist",
              "uri": "spotify:artist:3wcj11K77LjEY1PkEazffa"
            }
          ],
          "available_markets": [
            "AD",
            "AE",
            "AR",
            "AT",
            "AU",
            "BE",
            "BG",
            "BH",
            "BO",
            "BR",
            "CA",
            "CH",
            "CL",
            "CO",
            "CR",
            "CY",
            "CZ",
            "DE",
            "DK",
            "DO",
            "EC",
            "EE",
            "ES",
            "FI",
            "FR",
            "GB",
            "GR",
            "GT",
            "HK",
            "HN",
            "HU",
            "ID",
            "IE",
            "IL",
            "IN",
            "IS",
            "IT",
            "JO",
            "JP",
            "KW",
            "LB",
            "LI",
            "LT",
            "LU",
            "LV",
            "MC",
            "MT",
            "MX",
            "MY",
            "NI",
            "NL",
            "NO",
            "NZ",
            "OM",
            "PA",
            "PE",
            "PH",
            "PL",
            "PS",
            "PT",
            "PY",
            "QA",
            "RO",
            "SA",
            "SE",
            "SG",
            "SK",
            "SV",
            "TH",
            "TR",
            "TW",
            "US",
            "UY",
            "VN"
          ],
          "external_urls": {
            "spotify": "https://open.spotify.com/album/34vlTd4355ddD4q9pPsoqF"
          },
          "href": "https://api.spotify.com/v1/albums/34vlTd4355ddD4q9pPsoqF",
          "id": "34vlTd4355ddD4q9pPsoqF",
          "images": [
            {
              "height": 640,
              "url": "https://i.scdn.co/image/ab67616d0000b27355375ff19ae4e7ab60da3cac",
              "width": 640
            },
            {
              "height": 300,
              "url": "https://i.scdn.co/image/ab67616d00001e0255375ff19ae4e7ab60da3cac",
              "width": 300
            },
            {
              "height": 64,
              "url": "https://i.scdn.co/image/ab67616d0000485155375ff19ae4e7ab60da3cac",
              "width": 64
            }
          ],
          "name": "African Giant",
          "release_date": "2019-07-25",
          "release_date_precision": "day",
          "total_tracks": 19,
          "type": "album",
          "uri": "spotify:album:34vlTd4355ddD4q9pPsoqF"
        },
        "artists": [
          {
            "external_urls": {
              "spotify": "https://open.spotify.com/artist/3wcj11K77LjEY1PkEazffa"
            },
            "href": "https://api.spotify.com/v1/artists/3wcj11K77LjEY1PkEazffa",
            "id": "3wcj11K77LjEY1PkEazffa",
            "name": "Burna Boy",
            "type": "artist",
            "uri": "spotify:artist:3wcj11K77LjEY1PkEazffa"
          },
          {
            "external_urls": {
              "spotify": "https://open.spotify.com/artist/1DHw3LmhwuCZUaHtMhMpGX"
            },
            "href": "https://api.spotify.com/v1/artists/1DHw3LmhwuCZUaHtMhMpGX",
            "id": "1DHw3LmhwuCZUaHtMhMpGX",
            "name": "M.anifest",
            "type": "artist",
            "uri": "spotify:artist:1DHw3LmhwuCZUaHtMhMpGX"
          }
        ],
        "available_markets": [
          "AD",
          "AE",
          "AR",
          "AT",
          "AU",
          "BE",
          "BG",
          "BH",
          "BO",
          "BR",
          "CA",
          "CH",
          "CL",
          "CO",
          "CR",
          "CY",
          "CZ",
          "DE",
          "DK",
          "DO",
          "EC",
          "EE",
          "ES",
          "FI",
          "FR",
          "GB",
          "GR",
          "GT",
          "HK",
          "HN",
          "HU",
          "ID",
          "IE",
          "IL",
          "IN",
          "IS",
          "IT",
          "JO",
          "JP",
          "KW",
          "LB",
          "LI",
          "LT",
          "LU",
          "LV",
          "MC",
          "MT",
          "MX",
          "MY",
          "NI",
          "NL",
          "NO",
          "NZ",
          "OM",
          "PA",
          "PE",
          "PH",
          "PL",
          "PS",
          "PT",
          "PY",
          "QA",
          "RO",
          "SA",
          "SE",
          "SG",
          "SK",
          "SV",
          "TH",
          "TR",
          "TW",
          "US",
          "UY",
          "VN"
        ],
        "disc_number": 1,
        "duration_ms": 256013,
        "episode": false,
        "explicit": true,
        "external_ids": {
          "isrc": "USAT21904021"
        },
        "external_urls": {
          "spotify": "https://open.spotify.com/track/5TgGP38fQTuYO5ixyasQGq"
        },
        "href": "https://api.spotify.com/v1/tracks/5TgGP38fQTuYO5ixyasQGq",
        "id": "5TgGP38fQTuYO5ixyasQGq",
        "is_local": false,
        "name": "Another Story (ft. M.anifest)",
        "popularity": 49,
        "preview_url": "https://p.scdn.co/mp3-preview/7dcbfe5d9099cff718fb59efc5e0ad57298904d0?cid=774b29d4f13844c495f206cafdad9c86",
        "track": true,
        "track_number": 10,
        "type": "track",
        "uri": "spotify:track:5TgGP38fQTuYO5ixyasQGq"
      },
      "video_thumbnail": {
        "url": null
      }
    },
    {
      "added_at": "2020-06-11T12:43:34Z",
      "added_by": {
        "external_urls": {
          "spotify": "https://open.spotify.com/user/sxpicmeg7a1v2g6pe4gef0xhe"
        },
        "href": "https://api.spotify.com/v1/users/sxpicmeg7a1v2g6pe4gef0xhe",
        "id": "sxpicmeg7a1v2g6pe4gef0xhe",
        "type": "user",
        "uri": "spotify:user:sxpicmeg7a1v2g6pe4gef0xhe"
      },
      "is_local": false,
      "primary_color": null,
      "track": {
        "album": {
          "album_type": "album",
          "artists": [
            {
              "external_urls": {
                "spotify": "https://open.spotify.com/artist/3wcj11K77LjEY1PkEazffa"
              },
              "href": "https://api.spotify.com/v1/artists/3wcj11K77LjEY1PkEazffa",
              "id": "3wcj11K77LjEY1PkEazffa",
              "name": "Burna Boy",
              "type": "artist",
              "uri": "spotify:artist:3wcj11K77LjEY1PkEazffa"
            }
          ],
          "available_markets": [
            "AD",
            "AE",
            "AR",
            "AT",
            "AU",
            "BE",
            "BG",
            "BH",
            "BO",
            "BR",
            "CA",
            "CH",
            "CL",
            "CO",
            "CR",
            "CY",
            "CZ",
            "DE",
            "DK",
            "DO",
            "EC",
            "EE",
            "ES",
            "FI",
            "FR",
            "GB",
            "GR",
            "GT",
            "HK",
            "HN",
            "HU",
            "ID",
            "IE",
            "IL",
            "IN",
            "IS",
            "IT",
            "JO",
            "JP",
            "KW",
            "LB",
            "LI",
            "LT",
            "LU",
            "LV",
            "MC",
            "MT",
            "MX",
            "MY",
            "NI",
            "NL",
            "NO",
            "NZ",
            "OM",
            "PA",
            "PE",
            "PH",
            "PL",
            "PS",
            "PT",
            "PY",
            "QA",
            "RO",
            "SA",
            "SE",
            "SG",
            "SK",
            "SV",
            "TH",
            "TR",
            "TW",
            "US",
            "UY",
            "VN"
          ],
          "external_urls": {
            "spotify": "https://open.spotify.com/album/34vlTd4355ddD4q9pPsoqF"
          },
          "href": "https://api.spotify.com/v1/albums/34vlTd4355ddD4q9pPsoqF",
          "id": "34vlTd4355ddD4q9pPsoqF",
          "images": [
            {
              "height": 640,
              "url": "https://i.scdn.co/image/ab67616d0000b27355375ff19ae4e7ab60da3cac",
              "width": 640
            },
            {
              "height": 300,
              "url": "https://i.scdn.co/image/ab67616d00001e0255375ff19ae4e7ab60da3cac",
              "width": 300
            },
            {
              "height": 64,
              "url": "https://i.scdn.co/image/ab67616d0000485155375ff19ae4e7ab60da3cac",
              "width": 64
            }
          ],
          "name": "African Giant",
          "release_date": "2019-07-25",
          "release_date_precision": "day",
          "total_tracks": 19,
          "type": "album",
          "uri": "spotify:album:34vlTd4355ddD4q9pPsoqF"
        },
        "artists": [
          {
            "external_urls": {
              "spotify": "https://open.spotify.com/artist/3wcj11K77LjEY1PkEazffa"
            },
            "href": "https://api.spotify.com/v1/artists/3wcj11K77LjEY1PkEazffa",
            "id": "3wcj11K77LjEY1PkEazffa",
            "name": "Burna Boy",
            "type": "artist",
            "uri": "spotify:artist:3wcj11K77LjEY1PkEazffa"
          },
          {
            "external_urls": {
              "spotify": "https://open.spotify.com/artist/51qUDJb5AtQX6jIL4VJx6M"
            },
            "href": "https://api.spotify.com/v1/artists/51qUDJb5AtQX6jIL4VJx6M",
            "id": "51qUDJb5AtQX6jIL4VJx6M",
            "name": "Angelique Kidjo",
            "type": "artist",
            "uri": "spotify:artist:51qUDJb5AtQX6jIL4VJx6M"
          },
          {
            "external_urls": {
              "spotify": "https://open.spotify.com/artist/3QJzdZJYIAcoET1GcfpNGi"
            },
            "href": "https://api.spotify.com/v1/artists/3QJzdZJYIAcoET1GcfpNGi",
            "id": "3QJzdZJYIAcoET1GcfpNGi",
            "name": "Damian Marley",
            "type": "artist",
            "uri": "spotify:artist:3QJzdZJYIAcoET1GcfpNGi"
          }
        ],
        "available_markets": [
          "AD",
          "AE",
          "AR",
          "AT",
          "AU",
          "BE",
          "BG",
          "BH",
          "BO",
          "BR",
          "CA",
          "CH",
          "CL",
          "CO",
          "CR",
          "CY",
          "CZ",
          "DE",
          "DK",
          "DO",
          "EC",
          "EE",
          "ES",
          "FI",
          "FR",
          "GB",
          "GR",
          "GT",
          "HK",
          "HN",
          "HU",
          "ID",
          "IE",
          "IL",
          "IN",
          "IS",
          "IT",
          "JO",
          "JP",
          "KW",
          "LB",
          "LI",
          "LT",
          "LU",
          "LV",
          "MC",
          "MT",
          "MX",
          "MY",
          "NI",
          "NL",
          "NO",
          "NZ",
          "OM",
          "PA",
          "PE",
          "PH",
          "PL",
          "PS",
          "PT",
          "PY",
          "QA",
          "RO",
          "SA",
          "SE",
          "SG",
          "SK",
          "SV",
          "TH",
          "TR",
          "TW",
          "US",
          "UY",
          "VN"
        ],
        "disc_number": 1,
        "duration_ms": 196356,
        "episode": false,
        "explicit": false,
        "external_ids": {
          "isrc": "USAT21904025"
        },
        "external_urls": {
          "spotify": "https://open.spotify.com/track/6F5bERiTAIAVAP8ZUh0tqE"
        },
        "href": "https://api.spotify.com/v1/tracks/6F5bERiTAIAVAP8ZUh0tqE",
        "id": "6F5bERiTAIAVAP8ZUh0tqE",
        "is_local": false,
        "name": "Different (feat. Damian Marley & Angelique Kidjo)",
        "popularity": 51,
        "preview_url": "https://p.scdn.co/mp3-preview/f1bc6e3119263dae5ff575a0c6701f289cb54008?cid=774b29d4f13844c495f206cafdad9c86",
        "track": true,
        "track_number": 14,
        "type": "track",
        "uri": "spotify:track:6F5bERiTAIAVAP8ZUh0tqE"
      },
      "video_thumbnail": {
        "url": null
      }
    },
    {
      "added_at": "2020-06-11T12:43:49Z",
      "added_by": {
        "external_urls": {
          "spotify": "https://open.spotify.com/user/sxpicmeg7a1v2g6pe4gef0xhe"
        },
        "href": "https://api.spotify.com/v1/users/sxpicmeg7a1v2g6pe4gef0xhe",
        "id": "sxpicmeg7a1v2g6pe4gef0xhe",
        "type": "user",
        "uri": "spotify:user:sxpicmeg7a1v2g6pe4gef0xhe"
      },
      "is_local": false,
      "primary_color": null,
      "track": {
        "album": {
          "album_type": "single",
          "artists": [
            {
              "external_urls": {
                "spotify": "https://open.spotify.com/artist/3tVQdUvClmAT7URs9V3rsp"
              },
              "href": "https://api.spotify.com/v1/artists/3tVQdUvClmAT7URs9V3rsp",
              "id": "3tVQdUvClmAT7URs9V3rsp",
              "name": "WizKid",
              "type": "artist",
              "uri": "spotify:artist:3tVQdUvClmAT7URs9V3rsp"
            }
          ],
          "available_markets": [
            "AD",
            "AE",
            "AR",
            "AT",
            "AU",
            "BE",
            "BG",
            "BH",
            "BO",
            "BR",
            "CA",
            "CH",
            "CL",
            "CO",
            "CR",
            "CY",
            "CZ",
            "DE",
            "DK",
            "DO",
            "DZ",
            "EC",
            "EE",
            "EG",
            "ES",
            "FI",
            "FR",
            "GB",
            "GR",
            "GT",
            "HK",
            "HN",
            "HU",
            "ID",
            "IE",
            "IL",
            "IN",
            "IS",
            "IT",
            "JO",
            "JP",
            "KW",
            "LB",
            "LI",
            "LT",
            "LU",
            "LV",
            "MA",
            "MC",
            "MT",
            "MX",
            "MY",
            "NI",
            "NL",
            "NO",
            "NZ",
            "OM",
            "PA",
            "PE",
            "PH",
            "PL",
            "PS",
            "PT",
            "PY",
            "QA",
            "RO",
            "SA",
            "SE",
            "SG",
            "SK",
            "SV",
            "TH",
            "TN",
            "TR",
            "TW",
            "US",
            "UY",
            "VN",
            "ZA"
          ],
          "external_urls": {
            "spotify": "https://open.spotify.com/album/1Mj4mLvCC9P4b167keUsRh"
          },
          "href": "https://api.spotify.com/v1/albums/1Mj4mLvCC9P4b167keUsRh",
          "id": "1Mj4mLvCC9P4b167keUsRh",
          "images": [
            {
              "height": 640,
              "url": "https://i.scdn.co/image/ab67616d0000b27385adb4ee5878b60cbb592f6d",
              "width": 640
            },
            {
              "height": 300,
              "url": "https://i.scdn.co/image/ab67616d00001e0285adb4ee5878b60cbb592f6d",
              "width": 300
            },
            {
              "height": 64,
              "url": "https://i.scdn.co/image/ab67616d0000485185adb4ee5878b60cbb592f6d",
              "width": 64
            }
          ],
          "name": "Joro",
          "release_date": "2019-09-30",
          "release_date_precision": "day",
          "total_tracks": 1,
          "type": "album",
          "uri": "spotify:album:1Mj4mLvCC9P4b167keUsRh"
        },
        "artists": [
          {
            "external_urls": {
              "spotify": "https://open.spotify.com/artist/3tVQdUvClmAT7URs9V3rsp"
            },
            "href": "https://api.spotify.com/v1/artists/3tVQdUvClmAT7URs9V3rsp",
            "id": "3tVQdUvClmAT7URs9V3rsp",
            "name": "WizKid",
            "type": "artist",
            "uri": "spotify:artist:3tVQdUvClmAT7URs9V3rsp"
          }
        ],
        "available_markets": [
          "AD",
          "AE",
          "AR",
          "AT",
          "AU",
          "BE",
          "BG",
          "BH",
          "BO",
          "BR",
          "CA",
          "CH",
          "CL",
          "CO",
          "CR",
          "CY",
          "CZ",
          "DE",
          "DK",
          "DO",
          "DZ",
          "EC",
          "EE",
          "EG",
          "ES",
          "FI",
          "FR",
          "GB",
          "GR",
          "GT",
          "HK",
          "HN",
          "HU",
          "ID",
          "IE",
          "IL",
          "IN",
          "IS",
          "IT",
          "JO",
          "JP",
          "KW",
          "LB",
          "LI",
          "LT",
          "LU",
          "LV",
          "MA",
          "MC",
          "MT",
          "MX",
          "MY",
          "NI",
          "NL",
          "NO",
          "NZ",
          "OM",
          "PA",
          "PE",
          "PH",
          "PL",
          "PS",
          "PT",
          "PY",
          "QA",
          "RO",
          "SA",
          "SE",
          "SG",
          "SK",
          "SV",
          "TH",
          "TN",
          "TR",
          "TW",
          "US",
          "UY",
          "VN",
          "ZA"
        ],
        "disc_number": 1,
        "duration_ms": 262736,
        "episode": false,
        "explicit": false,
        "external_ids": {
          "isrc": "USRC11901068"
        },
        "external_urls": {
          "spotify": "https://open.spotify.com/track/3Yt1ovsh3v3VEzRuhI1TL5"
        },
        "href": "https://api.spotify.com/v1/tracks/3Yt1ovsh3v3VEzRuhI1TL5",
        "id": "3Yt1ovsh3v3VEzRuhI1TL5",
        "is_local": false,
        "name": "Joro",
        "popularity": 66,
        "preview_url": "https://p.scdn.co/mp3-preview/269db9db4e3302b9a37957f442cbd082ddf68639?cid=774b29d4f13844c495f206cafdad9c86",
        "track": true,
        "track_number": 1,
        "type": "track",
        "uri": "spotify:track:3Yt1ovsh3v3VEzRuhI1TL5"
      },
      "video_thumbnail": {
        "url": null
      }
    },
    {
      "added_at": "2020-06-11T12:59:02Z",
      "added_by": {
        "external_urls": {
          "spotify": "https://open.spotify.com/user/sxpicmeg7a1v2g6pe4gef0xhe"
        },
        "href": "https://api.spotify.com/v1/users/sxpicmeg7a1v2g6pe4gef0xhe",
        "id": "sxpicmeg7a1v2g6pe4gef0xhe",
        "type": "user",
        "uri": "spotify:user:sxpicmeg7a1v2g6pe4gef0xhe"
      },
      "is_local": false,
      "primary_color": null,
      "track": {
        "album": {
          "album_type": "single",
          "artists": [
            {
              "external_urls": {
                "spotify": "https://open.spotify.com/artist/2ayt5jDUuTCpoTG7sHSvuq"
              },
              "href": "https://api.spotify.com/v1/artists/2ayt5jDUuTCpoTG7sHSvuq",
              "id": "2ayt5jDUuTCpoTG7sHSvuq",
              "name": "Stonebwoy",
              "type": "artist",
              "uri": "spotify:artist:2ayt5jDUuTCpoTG7sHSvuq"
            }
          ],
          "available_markets": [
            "AD",
            "AE",
            "AR",
            "AT",
            "AU",
            "BE",
            "BG",
            "BH",
            "BO",
            "BR",
            "CA",
            "CH",
            "CL",
            "CO",
            "CR",
            "CY",
            "CZ",
            "DE",
            "DK",
            "DO",
            "DZ",
            "EC",
            "EE",
            "EG",
            "ES",
            "FI",
            "FR",
            "GB",
            "GR",
            "GT",
            "HK",
            "HN",
            "HU",
            "ID",
            "IE",
            "IL",
            "IN",
            "IS",
            "IT",
            "JO",
            "JP",
            "KW",
            "LB",
            "LI",
            "LT",
            "LU",
            "LV",
            "MA",
            "MC",
            "MT",
            "MX",
            "MY",
            "NI",
            "NL",
            "NO",
            "NZ",
            "OM",
            "PA",
            "PE",
            "PH",
            "PL",
            "PS",
            "PT",
            "PY",
            "QA",
            "RO",
            "SA",
            "SE",
            "SG",
            "SK",
            "SV",
            "TH",
            "TN",
            "TR",
            "TW",
            "US",
            "UY",
            "VN",
            "ZA"
          ],
          "external_urls": {
            "spotify": "https://open.spotify.com/album/4jfxZ4Mtmp4GQIn2MwTx9B"
          },
          "href": "https://api.spotify.com/v1/albums/4jfxZ4Mtmp4GQIn2MwTx9B",
          "id": "4jfxZ4Mtmp4GQIn2MwTx9B",
          "images": [
            {
              "height": 640,
              "url": "https://i.scdn.co/image/ab67616d0000b2732f6e26368093dcbc39b57cfb",
              "width": 640
            },
            {
              "height": 300,
              "url": "https://i.scdn.co/image/ab67616d00001e022f6e26368093dcbc39b57cfb",
              "width": 300
            },
            {
              "height": 64,
              "url": "https://i.scdn.co/image/ab67616d000048512f6e26368093dcbc39b57cfb",
              "width": 64
            }
          ],
          "name": "Take Me Away",
          "release_date": "2019-12-06",
          "release_date_precision": "day",
          "total_tracks": 1,
          "type": "album",
          "uri": "spotify:album:4jfxZ4Mtmp4GQIn2MwTx9B"
        },
        "artists": [
          {
            "external_urls": {
              "spotify": "https://open.spotify.com/artist/2ayt5jDUuTCpoTG7sHSvuq"
            },
            "href": "https://api.spotify.com/v1/artists/2ayt5jDUuTCpoTG7sHSvuq",
            "id": "2ayt5jDUuTCpoTG7sHSvuq",
            "name": "Stonebwoy",
            "type": "artist",
            "uri": "spotify:artist:2ayt5jDUuTCpoTG7sHSvuq"
          },
          {
            "external_urls": {
              "spotify": "https://open.spotify.com/artist/14PimM6ohO2gYftuwTam9V"
            },
            "href": "https://api.spotify.com/v1/artists/14PimM6ohO2gYftuwTam9V",
            "id": "14PimM6ohO2gYftuwTam9V",
            "name": "KiDi",
            "type": "artist",
            "uri": "spotify:artist:14PimM6ohO2gYftuwTam9V"
          },
          {
            "external_urls": {
              "spotify": "https://open.spotify.com/artist/0GGKrcPOlBkmBzQDf2Ogkl"
            },
            "href": "https://api.spotify.com/v1/artists/0GGKrcPOlBkmBzQDf2Ogkl",
            "id": "0GGKrcPOlBkmBzQDf2Ogkl",
            "name": "Kuami Eugene",
            "type": "artist",
            "uri": "spotify:artist:0GGKrcPOlBkmBzQDf2Ogkl"
          }
        ],
        "available_markets": [
          "AD",
          "AE",
          "AR",
          "AT",
          "AU",
          "BE",
          "BG",
          "BH",
          "BO",
          "BR",
          "CA",
          "CH",
          "CL",
          "CO",
          "CR",
          "CY",
          "CZ",
          "DE",
          "DK",
          "DO",
          "DZ",
          "EC",
          "EE",
          "EG",
          "ES",
          "FI",
          "FR",
          "GB",
          "GR",
          "GT",
          "HK",
          "HN",
          "HU",
          "ID",
          "IE",
          "IL",
          "IN",
          "IS",
          "IT",
          "JO",
          "JP",
          "KW",
          "LB",
          "LI",
          "LT",
          "LU",
          "LV",
          "MA",
          "MC",
          "MT",
          "MX",
          "MY",
          "NI",
          "NL",
          "NO",
          "NZ",
          "OM",
          "PA",
          "PE",
          "PH",
          "PL",
          "PS",
          "PT",
          "PY",
          "QA",
          "RO",
          "SA",
          "SE",
          "SG",
          "SK",
          "SV",
          "TH",
          "TN",
          "TR",
          "TW",
          "US",
          "UY",
          "VN",
          "ZA"
        ],
        "disc_number": 1,
        "duration_ms": 246016,
        "episode": false,
        "explicit": true,
        "external_ids": {
          "isrc": "US23A1501682"
        },
        "external_urls": {
          "spotify": "https://open.spotify.com/track/4LcXn8YyP5kvyO5mOKPSjm"
        },
        "href": "https://api.spotify.com/v1/tracks/4LcXn8YyP5kvyO5mOKPSjm",
        "id": "4LcXn8YyP5kvyO5mOKPSjm",
        "is_local": false,
        "name": "Take Me Away",
        "popularity": 32,
        "preview_url": "https://p.scdn.co/mp3-preview/5fb6e72eaf19e495e475e39b80bab6a9457e9daa?cid=774b29d4f13844c495f206cafdad9c86",
        "track": true,
        "track_number": 1,
        "type": "track",
        "uri": "spotify:track:4LcXn8YyP5kvyO5mOKPSjm"
      },
      "video_thumbnail": {
        "url": null
      }
    }
  ],
  "limit": 100,
  "next": null,
  "offset": 0,
  "previous": null,
  "total": 7
}